res_id,name,age,gender,year_of_inhabited,phone_number,marital_status,asal_kota,asal_provinsi
2024000000335390,jumali,29,m,2024,081830827335,kawin,KOTA JAKARTA SELATAN,DKI JAKARTA
2024000000772349,irma indriyani,42,f,2024,085232852538,cerai hidup,KOTA JAKARTA BARAT,DKI JAKARTA
2024000000104763,suratno,23,m,2024,081816495863,belum kawin,KOTA TANGERANG,BANTEN
2024000000277479,nuramsah,34,f,2024,081728468461,cerai hidup,KOTA TANGERANG SELATAN,BANTEN
2024000000231713,diana nur fhaisah,29,f,2024,081233814827,kawin,KOTA DEPOK,JAWA BARAT
2024000000186891,alisa devi saputri,47,f,2024,081788972578,belum kawin,KOTA JAKARTA TIMUR,DKI JAKARTA
2024000000279430,fauzan adi saputra,51,m,2024,081320131145,cerai hidup,KABUPATEN BOGOR,JAWA BARAT
2024000000128683,mariyauddin,28,m,2024,082179074962,belum kawin,KOTA BOGOR,JAWA BARAT
2024000000879619,swarti,42,f,2024,081231346425,kawin,KOTA JAKARTA TIMUR,DKI JAKARTA
2024000000109060,reza indra saputra,45,m,2024,085213180237,belum kawin,KOTA JAKARTA PUSAT,DKI JAKARTA
2024000000614085,dimas dwi fadilah,50,m,2024,081720543723,cerai hidup,KOTA TANGERANG SELATAN,BANTEN
2024000000141942,faiz ahza praditya,50,m,2024,081218018455,cerai hidup,KOTA JAKARTA TIMUR,DKI JAKARTA
2024000000167763,sudin,27,m,2024,085611686868,belum kawin,KOTA BOGOR,JAWA BARAT
2024000000226614,miswen,36,f,2024,081732367576,kawin,KOTA JAKARTA SELATAN,DKI JAKARTA
2024000000294414,tukijo al rifa' i,34,m,2024,081712604659,kawin,KOTA JAKARTA BARAT,DKI JAKARTA
2024000000325947,winarti,34,f,2024,081740319458,kawin,KOTA JAKARTA PUSAT,DKI JAKARTA
2024000000173592,irvan maulana,23,m,2024,081826787895,kawin,KOTA JAKARTA SELATAN,DKI JAKARTA
2024000000812538,alfin akbar rifa'i,44,m,2024,082188075284,belum kawin,KOTA JAKARTA PUSAT,DKI JAKARTA
2024000000770918,samidi,45,m,2024,085622336552,belum kawin,KOTA TANGERANG,BANTEN
2024000000209278,paijem,49,f,2024,081723869818,cerai hidup,KOTA JAKARTA PUSAT,DKI JAKARTA
2024000000884925,salim,37,m,2024,081335609844,kawin,KOTA TANGERANG,BANTEN
2024000000220545,tukini,37,f,2024,085613179363,belum kawin,KOTA JAKARTA BARAT,DKI JAKARTA
2024000000241742,slamet,33,m,2024,081321711974,kawin,KOTA BEKASI,JAWA BARAT
2024000000160785,bini suharyati,42,f,2024,082126757931,cerai hidup,KOTA BOGOR,JAWA BARAT
2024000000107685,fendi selistiawan,37,m,2024,081319779763,cerai hidup,KOTA BOGOR,JAWA BARAT
2024000000378938,kelvin naszril tri efendi,36,m,2024,081323887890,cerai hidup,KABUPATEN BOGOR,JAWA BARAT
2024000000293939,sugianto,50,m,2024,085630833507,kawin,KOTA BEKASI,JAWA BARAT
2024000000147805,novi hartini,48,f,2024,085610053784,cerai mati,KOTA JAKARTA SELATAN,DKI JAKARTA
2024000000201678,aisyah giovani,32,f,2024,082123373308,kawin,KOTA JAKARTA BARAT,DKI JAKARTA
2024000000280518,arif nova baihaqi,38,m,2024,081896801260,cerai hidup,KOTA TANGERANG SELATAN,BANTEN
2024000000194674,sutiono,41,m,2024,081743229407,kawin,KOTA DEPOK,JAWA BARAT
2024000000621367,listiani,48,f,2024,081816934709,cerai hidup,KOTA JAKARTA BARAT,DKI JAKARTA
2024000000293900,m. ikhwan amsyahputra,27,m,2024,081869078629,belum kawin,KOTA BOGOR,JAWA BARAT
2024000000259789,anindita keisha azzahra,46,f,2024,081215300338,belum kawin,KOTA BEKASI,JAWA BARAT
2024000000128207,joni kartinus,40,m,2024,081823952351,belum kawin,KOTA TANGERANG,BANTEN
2024000000322434,heri yeni,46,f,2024,082113307635,belum kawin,KOTA JAKARTA SELATAN,DKI JAKARTA
2024000000786666,febri dianisya,27,f,2024,081730502544,belum kawin,KOTA JAKARTA PUSAT,DKI JAKARTA
2024000000293010,rahmat tri apriliando,24,m,2024,085212463962,belum kawin,KOTA JAKARTA PUSAT,DKI JAKARTA
2024000000223348,sumarni,51,f,2024,081827761210,kawin,KOTA TANGERANG SELATAN,BANTEN
2024000000286334,muhammad aprila,44,m,2024,081824110103,kawin,KOTA DEPOK,JAWA BARAT
2024000000246800,warhan,39,m,2024,081813598827,kawin,KOTA BEKASI,JAWA BARAT
2024000000191286,halima tussa'dia,32,f,2024,085210356190,belum kawin,KABUPATEN BOGOR,JAWA BARAT
2024000000109752,syavira hanzuneira,45,f,2024,081728520513,cerai hidup,KOTA JAKARTA SELATAN,DKI JAKARTA
2024000000275525,irwan efendi,51,m,2024,085623973428,belum kawin,KOTA BEKASI,JAWA BARAT
2024000000313688,sugiarto,47,m,2024,085611373857,kawin,KABUPATEN BOGOR,JAWA BARAT
2024000000248839,lasmini,51,f,2024,085630270133,belum kawin,KOTA JAKARTA TIMUR,DKI JAKARTA
2024000000325500,sri lestari,26,f,2024,085627061898,kawin,KOTA JAKARTA BARAT,DKI JAKARTA
2024000000289560,mukhlis sariadin,42,m,2024,081391512133,belum kawin,KOTA TANGERANG SELATAN,BANTEN
2024000000222844,sukadi,28,m,2024,081364973784,kawin,KOTA BOGOR,JAWA BARAT
2024000000140086,bintiah,23,f,2024,081223745851,belum kawin,KABUPATEN BOGOR,JAWA BARAT
2024000000261499,rudi febrianto,43,m,2024,082130655948,cerai hidup,KOTA JAKARTA TIMUR,DKI JAKARTA
2024000000307737,sugeng pribadi,36,m,2024,085274702545,belum kawin,KOTA JAKARTA BARAT,DKI JAKARTA
2024000000334906,sutiman,34,m,2024,081721949017,cerai hidup,KOTA JAKARTA PUSAT,DKI JAKARTA
2024000000146928,ngatini,32,f,2024,081323531118,kawin,KOTA TANGERANG,BANTEN
2024000000824614,ahmad nizam alfarizi,35,m,2024,081833756189,belum kawin,KOTA JAKARTA BARAT,DKI JAKARTA
2024000000281053,syahrul,29,m,2024,082130097445,kawin,KOTA JAKARTA PUSAT,DKI JAKARTA
2024000000222628,ngadinem,47,f,2024,085610025517,kawin,KOTA JAKARTA BARAT,DKI JAKARTA
2024000000298593,elly kumala sari,36,f,2024,082120593959,belum kawin,KOTA TANGERANG SELATAN,BANTEN
2024000000848190,nanda ayu nur halizzah,28,f,2024,082126722050,belum kawin,KOTA JAKARTA PUSAT,DKI JAKARTA
2024000000719752,muksin,33,m,2024,085629928050,cerai hidup,KOTA TANGERANG,BANTEN
2024000000457765,gino,36,m,2024,085614594747,cerai hidup,KOTA JAKARTA TIMUR,DKI JAKARTA
2024000000936163,nurhayati,33,f,2024,081832438931,kawin,KOTA JAKARTA TIMUR,DKI JAKARTA
2024000000641330,cici ramadhayanti,23,f,2024,081727536807,kawin,KABUPATEN BOGOR,JAWA BARAT
2024000000266776,afni dwi lestari,35,f,2024,085674166734,belum kawin,KOTA JAKARTA SELATAN,DKI JAKARTA
2024000000101919,trisno,48,m,2024,081812830978,cerai mati,KOTA TANGERANG SELATAN,BANTEN
2024000000114037,mahdalena,32,f,2024,081212240446,kawin,KOTA TANGERANG,BANTEN
2024000000149750,luthfi abdillah,43,m,2024,081215292265,cerai hidup,KOTA JAKARTA SELATAN,DKI JAKARTA
2024000000293409,adiba zahara,37,f,2024,082132723798,kawin,KOTA JAKARTA SELATAN,DKI JAKARTA
2024000000372269,sucipto,28,m,2024,081713508877,kawin,KOTA DEPOK,JAWA BARAT
2024000000280462,asih,25,f,2024,081393446629,kawin,KOTA BOGOR,JAWA BARAT
2024000000316955,muhammad albana,34,m,2024,085628244675,belum kawin,KOTA TANGERANG SELATAN,BANTEN
2024000000164714,salwa unaisah,45,f,2024,081211464913,cerai hidup,KOTA TANGERANG SELATAN,BANTEN
2024000000576220,harun fadhillah,34,m,2024,081710982424,cerai hidup,KOTA JAKARTA SELATAN,DKI JAKARTA
2024000000187195,salma nusaybah,35,f,2024,081864474875,cerai hidup,KOTA TANGERANG SELATAN,BANTEN
2024000000320786,shoffan al fath,38,m,2024,081812383520,belum kawin,KOTA BOGOR,JAWA BARAT
2024000000147618,hanif fatchan mujib,43,m,2024,085222556338,belum kawin,KOTA DEPOK,JAWA BARAT
2024000000708196,sutrisno,27,m,2024,082118042780,kawin,KOTA BEKASI,JAWA BARAT
2024000000222818,purwati,41,f,2024,081723727632,cerai hidup,KOTA TANGERANG,BANTEN
2024000000137874,adif zaldiansyah,42,m,2024,085221609021,kawin,KABUPATEN BOGOR,JAWA BARAT
2024000000129718,nadira aulia shaki,33,f,2024,085615320446,belum kawin,KOTA JAKARTA TIMUR,DKI JAKARTA
2024000000382639,ujang umin ruhdiansyah,33,m,2024,081321809931,cerai hidup,KABUPATEN BOGOR,JAWA BARAT
2024000000327905,dede rumyati,33,f,2024,081312025672,belum kawin,KABUPATEN BOGOR,JAWA BARAT
2024000000113381,eka rosmawati,36,f,2024,085631217936,kawin,KOTA TANGERANG,BANTEN
2024000000243696,lely lutfiah sungkar,38,f,2024,082110454980,belum kawin,KABUPATEN BOGOR,JAWA BARAT
2024000000650052,ivan gustomi,24,m,2024,082113654793,belum kawin,KOTA JAKARTA PUSAT,DKI JAKARTA
2024000000174589,alfazola,46,f,2024,081218362927,cerai hidup,KOTA JAKARTA SELATAN,DKI JAKARTA
2024000000950185,azza nabilla tasya,49,f,2024,082118396034,kawin,KOTA TANGERANG SELATAN,BANTEN
2024000000175127,hafsa nur hafizza,49,f,2024,085631791643,cerai mati,KOTA BEKASI,JAWA BARAT
2024000000287696,alhadmin,37,m,2024,082163427930,cerai hidup,KOTA BEKASI,JAWA BARAT
2024000000955122,dahlia,41,f,2024,082127215924,kawin,KOTA JAKARTA TIMUR,DKI JAKARTA
2024000000371526,m. khuza alhasby,38,m,2024,081316283514,kawin,KOTA DEPOK,JAWA BARAT
2024000000157919,ismail,32,m,2024,081856661869,belum kawin,KOTA JAKARTA PUSAT,DKI JAKARTA
2024000000414542,susiati,47,f,2024,085624430148,cerai hidup,KOTA JAKARTA TIMUR,DKI JAKARTA
2024000000209075,qoridhotul mutakin,26,m,2024,081381728982,kawin,KOTA DEPOK,JAWA BARAT
2024000000861643,khafidhotus sany,50,m,2024,081819498485,kawin,KOTA JAKARTA PUSAT,DKI JAKARTA
2024000000331699,syafia zahra aprelia,28,f,2024,081232640855,belum kawin,KOTA BOGOR,JAWA BARAT
2024000000221530,slamet,27,m,2024,081222914996,kawin,KABUPATEN BOGOR,JAWA BARAT
2024000000908632,eka restiawati,33,f,2024,082122313383,cerai hidup,KOTA TANGERANG,BANTEN
2024000000333396,m. aditya hatta,30,m,2024,081820235959,belum kawin,KOTA TANGERANG SELATAN,BANTEN
2024000000648305,sumarno,33,m,2024,082123596581,belum kawin,KOTA TANGERANG,BANTEN
2024000000388328,aris anggraini,24,f,2024,081315615295,kawin,KABUPATEN BOGOR,JAWA BARAT
2024000000148776,dian nur artika sari,31,f,2024,085636129842,cerai hidup,KOTA TANGERANG SELATAN,BANTEN
2024000000216255,lisa tri yunita,44,f,2024,081727430862,belum kawin,KOTA BEKASI,JAWA BARAT
2024000000431063,kasmari,37,m,2024,085232027014,belum kawin,KOTA BOGOR,JAWA BARAT
2024000000285662,munik nurhayati,23,f,2024,082123116314,kawin,KOTA DEPOK,JAWA BARAT
2024000000284053,aura afifatunnisa,33,f,2024,085627873267,kawin,KOTA JAKARTA PUSAT,DKI JAKARTA
2024000000211180,aulia mutiara cinta,31,f,2024,081831756919,cerai hidup,KOTA TANGERANG SELATAN,BANTEN
2024000000318461,suliati,48,f,2024,085612176273,cerai mati,KOTA JAKARTA SELATAN,DKI JAKARTA
2024000000332297,tawirja,45,m,2024,081826920077,kawin,KOTA BOGOR,JAWA BARAT
2024000000177173,bawiati,39,f,2024,081224745291,belum kawin,KOTA JAKARTA TIMUR,DKI JAKARTA
2024000000253036,rudianto,35,m,2024,081711599297,belum kawin,KABUPATEN BOGOR,JAWA BARAT
2024000000317411,siswanto,31,m,2024,081873949294,cerai hidup,KOTA DEPOK,JAWA BARAT
2024000000101494,titin fatimah,34,f,2024,081723154633,belum kawin,KOTA JAKARTA PUSAT,DKI JAKARTA
2024000000321681,nanda lucky firmansyah,47,m,2024,082185571369,kawin,KOTA BEKASI,JAWA BARAT
2024000000105012,zulvan arfa syazwan,48,m,2024,081873626834,kawin,KOTA JAKARTA SELATAN,DKI JAKARTA
2024000000128047,handri,35,m,2024,085210282773,cerai hidup,KOTA JAKARTA PUSAT,DKI JAKARTA
2024000000107433,maisaroh,35,f,2024,085210031548,belum kawin,KOTA JAKARTA BARAT,DKI JAKARTA
2024000000133081,yusi andriyani,36,f,2024,081795815647,belum kawin,KOTA JAKARTA SELATAN,DKI JAKARTA
2024000000787095,rizki septiadi,22,m,2024,085613508294,kawin,KOTA JAKARTA BARAT,DKI JAKARTA
2024000000280205,suyadi,24,m,2024,082122045326,belum kawin,KABUPATEN BOGOR,JAWA BARAT
2024000000639736,suryani,25,f,2024,085698857976,belum kawin,KOTA JAKARTA SELATAN,DKI JAKARTA
2024000000113243,tatik dwi ambarwati,43,f,2024,081810727693,cerai hidup,KOTA JAKARTA PUSAT,DKI JAKARTA
2024000000175552,ima listiani,24,f,2024,081849527031,belum kawin,KOTA JAKARTA PUSAT,DKI JAKARTA
2024000000318818,sujono,27,m,2024,081897207233,belum kawin,KOTA TANGERANG SELATAN,BANTEN
2024000000786982,marini,26,f,2024,081229139362,kawin,KOTA TANGERANG SELATAN,BANTEN
2024000000155174,m. tolib syahbarul,25,m,2024,081761497819,belum kawin,KOTA JAKARTA SELATAN,DKI JAKARTA
2024000000249154,bela novitasari,31,f,2024,085627912324,belum kawin,KOTA TANGERANG SELATAN,BANTEN
2024000000152844,muhammad afdal affandi,38,m,2024,081823366095,kawin,KOTA DEPOK,JAWA BARAT
2024000000277813,dedi iswandi,51,m,2024,082124709662,kawin,KOTA JAKARTA BARAT,DKI JAKARTA
2024000000281225,ahmad purwito,49,m,2024,085219187416,belum kawin,KOTA TANGERANG SELATAN,BANTEN
2024000000240110,hadmini,34,f,2024,085210562078,cerai hidup,KOTA JAKARTA SELATAN,DKI JAKARTA
2024000000199140,atun puji rahayu,46,f,2024,081722397036,belum kawin,KOTA TANGERANG,BANTEN
2024000000318868,agus fahrizal,43,m,2024,081316355559,belum kawin,KOTA JAKARTA BARAT,DKI JAKARTA
2024000000245292,tri winarti,48,f,2024,081871548907,cerai mati,KABUPATEN BOGOR,JAWA BARAT
2024000000273656,murdiansyah,32,m,2024,081234062581,kawin,KOTA JAKARTA SELATAN,DKI JAKARTA
2024000000290291,agustina muntikawati,48,f,2024,081825886774,cerai hidup,KOTA JAKARTA BARAT,DKI JAKARTA
2024000000331865,ali hamzah,46,m,2024,081232971767,cerai mati,KOTA BOGOR,JAWA BARAT
2024000000278043,dewi,50,f,2024,081321033556,cerai hidup,KOTA JAKARTA SELATAN,DKI JAKARTA
2024000000188126,evi alisma,29,f,2024,085628602172,belum kawin,KOTA BOGOR,JAWA BARAT
2024000000172101,egi aulia pirdaus,32,m,2024,081323351345,belum kawin,KABUPATEN BOGOR,JAWA BARAT
2024000000152531,seli hapti anggara,48,f,2024,082117851402,kawin,KOTA JAKARTA BARAT,DKI JAKARTA
2024000000770876,rasidin,40,m,2024,081827910157,kawin,KOTA JAKARTA BARAT,DKI JAKARTA
2024000000147496,rebo,50,m,2024,081846982132,cerai hidup,KOTA JAKARTA PUSAT,DKI JAKARTA
2024000000140223,kasih,36,f,2024,085212962913,belum kawin,KOTA JAKARTA TIMUR,DKI JAKARTA
2024000000500571,ilham setiaji,26,m,2024,081330396343,belum kawin,KOTA BEKASI,JAWA BARAT
2024000000583312,muhamad aziz,40,m,2024,085230769892,cerai hidup,KABUPATEN BOGOR,JAWA BARAT
2024000000368007,surya kusuma,50,m,2024,081217242351,cerai hidup,KOTA JAKARTA PUSAT,DKI JAKARTA
2024000000307679,tumi setiawati,49,f,2024,081333653127,kawin,KOTA BOGOR,JAWA BARAT
2024000000295111,irza syahputra,30,m,2024,081236680577,belum kawin,KOTA JAKARTA BARAT,DKI JAKARTA
2024000000240199,asim,23,m,2024,081210769556,kawin,KOTA BOGOR,JAWA BARAT
2024000000285314,srini,48,f,2024,081233616621,cerai mati,KOTA JAKARTA PUSAT,DKI JAKARTA
2024000000115037,yeni purwaningsih,23,f,2024,085629844996,belum kawin,KOTA TANGERANG SELATAN,BANTEN
2024000000308531,vebri kurniawan,39,m,2024,081716082794,belum kawin,KOTA JAKARTA BARAT,DKI JAKARTA
2024000000322128,ahmad diinulkha,36,m,2024,081230593255,belum kawin,KOTA DEPOK,JAWA BARAT
2024000000198889,didik siswanto,23,m,2024,081728085929,belum kawin,KOTA JAKARTA PUSAT,DKI JAKARTA
2024000000355761,sigit sugiyanto,48,m,2024,082127177897,cerai mati,KOTA BOGOR,JAWA BARAT
2024000000877519,ike handayani,39,f,2024,081723285898,kawin,KOTA JAKARTA BARAT,DKI JAKARTA
2024000000173073,ratifa naila aisha,45,f,2024,082148471094,kawin,KOTA TANGERANG SELATAN,BANTEN
2024000000311480,mukarom,39,m,2024,081233546677,cerai hidup,KOTA TANGERANG,BANTEN
2024000000879282,fauziyah,32,f,2024,082123370352,belum kawin,KOTA BEKASI,JAWA BARAT
2024000000105578,alfiyatu zahroh,27,f,2024,085220879416,belum kawin,KOTA BOGOR,JAWA BARAT
2024000000948704,miftakhul qolbi,45,m,2024,081828632960,kawin,KOTA TANGERANG SELATAN,BANTEN
2024000000297710,abdullah afif azzuhri,51,m,2024,081723169761,belum kawin,KOTA JAKARTA SELATAN,DKI JAKARTA
2024000000218080,afifah azzahroh,22,f,2024,081845285110,belum kawin,KOTA JAKARTA TIMUR,DKI JAKARTA
2024000000285934,kevin kenzi al firmansyah,42,m,2024,081319145980,kawin,KOTA TANGERANG,BANTEN
2024000000192716,muhaimin,24,m,2024,081214991290,belum kawin,KOTA TANGERANG SELATAN,BANTEN
2024000000763424,dwi rukiyah,24,f,2024,081832485640,kawin,KOTA JAKARTA TIMUR,DKI JAKARTA
2024000000127103,azuwa fatkur alkholif,50,m,2024,082129363534,belum kawin,KABUPATEN BOGOR,JAWA BARAT
2024000000336819,binti,42,f,2024,081232616782,kawin,KOTA JAKARTA BARAT,DKI JAKARTA
2024000000183048,andi baskoro,48,m,2024,082116538540,kawin,KOTA TANGERANG,BANTEN
2024000000146104,muhammad habibullah,49,m,2024,081260801192,kawin,KOTA JAKARTA TIMUR,DKI JAKARTA
2024000000253429,ira afrianti,33,f,2024,085227671194,belum kawin,KOTA BOGOR,JAWA BARAT
2024000000663870,misbahatussudury,41,f,2024,085627709086,belum kawin,KOTA TANGERANG SELATAN,BANTEN
2024000000812535,manto gumes,34,m,2024,085644885987,kawin,KOTA JAKARTA TIMUR,DKI JAKARTA
2024000000340150,tumirah,25,f,2024,081231550025,belum kawin,KOTA JAKARTA SELATAN,DKI JAKARTA
2024000000504760,ali mustopo,40,m,2024,081786952442,cerai hidup,KOTA TANGERANG SELATAN,BANTEN
2024000000670168,siti maemunah,48,f,2024,081312134039,cerai mati,KOTA JAKARTA SELATAN,DKI JAKARTA
2024000000226973,aisah,36,f,2024,081811336546,kawin,KOTA TANGERANG,BANTEN
2024000000380731,sapin,24,m,2024,081770604706,kawin,KOTA BEKASI,JAWA BARAT
2024000000280673,nur khalim,42,m,2024,081826466835,cerai hidup,KOTA JAKARTA TIMUR,DKI JAKARTA
2024000000123149,isni,39,m,2024,081310738373,cerai hidup,KOTA JAKARTA PUSAT,DKI JAKARTA
2024000000292916,suprihatin,32,f,2024,081874791827,cerai hidup,KOTA TANGERANG,BANTEN
2024000000197324,peni untari,41,f,2024,081819757123,kawin,KOTA JAKARTA BARAT,DKI JAKARTA
2024000000140700,tomi ramdani,44,m,2024,082122895496,belum kawin,KOTA JAKARTA SELATAN,DKI JAKARTA
2024000000341213,riki supendi,40,m,2024,085629915585,kawin,KOTA JAKARTA PUSAT,DKI JAKARTA
2024000000270495,sahid,32,m,2024,082112572177,cerai hidup,KOTA JAKARTA SELATAN,DKI JAKARTA
2024000000607031,siti juwariyah,38,f,2024,081228734807,belum kawin,KOTA JAKARTA TIMUR,DKI JAKARTA
2024000000603603,miftachul huda,25,m,2024,082119427573,belum kawin,KOTA DEPOK,JAWA BARAT
2024000000134371,nur jannah,47,f,2024,085617131542,cerai hidup,KOTA BEKASI,JAWA BARAT
2024000000187674,m. nasirudin,35,m,2024,085273292103,kawin,KOTA DEPOK,JAWA BARAT
2024000000500384,choiriyah,46,f,2024,082119822081,kawin,KOTA TANGERANG,BANTEN
2024000000171494,sagiman,38,m,2024,082137511224,kawin,KOTA BOGOR,JAWA BARAT
2024000000493158,sutinah,30,f,2024,081813692449,kawin,KOTA JAKARTA PUSAT,DKI JAKARTA
2024000000223849,elisnawati,47,f,2024,081281493553,belum kawin,KOTA JAKARTA TIMUR,DKI JAKARTA
2024000000687788,winda aprilia,34,f,2024,081229000151,belum kawin,KOTA JAKARTA BARAT,DKI JAKARTA
2024000000581165,sudadi,30,m,2024,082123706084,kawin,KOTA BEKASI,JAWA BARAT
2024000000306283,supriyo susanto,23,m,2024,081810464860,belum kawin,KOTA JAKARTA SELATAN,DKI JAKARTA
2024000000306306,sri mulyati,51,f,2024,082126654936,cerai hidup,KOTA JAKARTA TIMUR,DKI JAKARTA
2024000000321687,dinda dwi merliana,46,f,2024,081396063060,cerai mati,KOTA TANGERANG,BANTEN
2024000000714069,ardy ramadhani,33,m,2024,081881962065,belum kawin,KABUPATEN BOGOR,JAWA BARAT
2024000000716361,wagino,48,m,2024,081293963198,cerai mati,KOTA BOGOR,JAWA BARAT
2024000000235434,sri rejeki,29,f,2024,085615291030,belum kawin,KOTA JAKARTA SELATAN,DKI JAKARTA
2024000000566032,diky handriansyah,34,m,2024,085615605694,cerai hidup,KOTA BEKASI,JAWA BARAT
2024000000177997,giono,42,m,2024,082118566703,kawin,KOTA TANGERANG SELATAN,BANTEN
2024000000444692,ismiyati,49,f,2024,082117165806,kawin,KOTA JAKARTA TIMUR,DKI JAKARTA
2024000000915137,bayu istanto,48,m,2024,081816361606,belum kawin,KOTA TANGERANG SELATAN,BANTEN
2024000000340045,indah bunga hati,41,f,2024,081711546017,kawin,KOTA TANGERANG SELATAN,BANTEN
2024000000834687,waelan,40,m,2024,081322889245,cerai hidup,KOTA DEPOK,JAWA BARAT
2024000000686034,rastina,29,f,2024,081327226851,kawin,KABUPATEN BOGOR,JAWA BARAT
2024000000875114,hari kurniawan,32,m,2024,082132561259,kawin,KOTA JAKARTA BARAT,DKI JAKARTA
2024000000158999,umi maslikhah,28,f,2024,081812550434,kawin,KOTA BEKASI,JAWA BARAT
2024000000790197,lilik supriyanto,42,m,2024,082132434237,kawin,KOTA BEKASI,JAWA BARAT
2024000000578022,sunarti,27,f,2024,081216529183,belum kawin,KOTA JAKARTA BARAT,DKI JAKARTA
2024000000109078,revianita inka hadi,40,f,2024,081230238719,kawin,KOTA TANGERANG SELATAN,BANTEN
2024000000231405,agung susilo,45,m,2024,085271766011,belum kawin,KOTA BOGOR,JAWA BARAT
2024000000168948,ira susanti,49,f,2024,081217466100,cerai mati,KABUPATEN BOGOR,JAWA BARAT
2024000000138627,silvia ayu nadira rahmawati,32,f,2024,081812149166,kawin,KOTA BEKASI,JAWA BARAT
2024000000202151,ngadiman,45,m,2024,085220629129,cerai hidup,KOTA BEKASI,JAWA BARAT
2024000000156635,sriyatun,22,f,2024,085234085664,kawin,KOTA JAKARTA SELATAN,DKI JAKARTA
2024000000295461,een romlah,47,f,2024,085621620762,cerai mati,KOTA TANGERANG SELATAN,BANTEN
2024000000120713,abdul rahman,22,m,2024,081740908113,kawin,KOTA BEKASI,JAWA BARAT
2024000000121146,m. zaenuri,35,m,2024,085618472273,kawin,KOTA BOGOR,JAWA BARAT
2024000000290534,tri murtini,38,f,2024,081713481372,kawin,KOTA JAKARTA TIMUR,DKI JAKARTA
2024000000273484,leny faridhotul mutmaini,46,f,2024,081719486737,cerai mati,KOTA JAKARTA SELATAN,DKI JAKARTA
2024000000105889,azizah hanifatur rahma,41,f,2024,085617225767,cerai hidup,KOTA JAKARTA PUSAT,DKI JAKARTA
2024000000185136,ahmad hasinul fikqih,33,m,2024,082133701898,belum kawin,KOTA BEKASI,JAWA BARAT
2024000000331167,annida hasnaul atika,23,f,2024,081819726760,kawin,KOTA TANGERANG,BANTEN
2024000000212280,jalal,45,m,2024,081874488218,cerai hidup,KOTA JAKARTA SELATAN,DKI JAKARTA
2024000000100579,supri ani,42,f,2024,082125625510,kawin,KOTA DEPOK,JAWA BARAT
2024000000195219,muhammad rikza rohmana,33,m,2024,081210898960,belum kawin,KOTA DEPOK,JAWA BARAT
2024000000154734,aila annafi'an zaini,24,f,2024,081711452625,belum kawin,KOTA BOGOR,JAWA BARAT
2024000000939806,novi ayu sharafina,31,f,2024,081728530387,kawin,KOTA JAKARTA BARAT,DKI JAKARTA
2024000000128552,nova ayu sharafika,29,f,2024,085621261759,belum kawin,KOTA JAKARTA BARAT,DKI JAKARTA
2024000000285118,samsuri,42,m,2024,081216785892,kawin,KOTA JAKARTA PUSAT,DKI JAKARTA
2024000000960512,ani,30,f,2024,081719088997,belum kawin,KOTA JAKARTA SELATAN,DKI JAKARTA
2024000000212127,santi susanti,38,f,2024,085633489859,belum kawin,KOTA DEPOK,JAWA BARAT
2024000000137007,nyaman,30,m,2024,085252255388,kawin,KOTA DEPOK,JAWA BARAT
2024000000790281,rusmiyati,34,f,2024,081711364576,belum kawin,KOTA JAKARTA BARAT,DKI JAKARTA
2024000000261381,taufik usman,36,m,2024,085611130198,kawin,KOTA JAKARTA SELATAN,DKI JAKARTA
2024000000539811,suci melia putri,34,f,2024,081217499604,belum kawin,KOTA JAKARTA BARAT,DKI JAKARTA
2024000000185188,tumidjo,40,m,2024,081223902443,belum kawin,KOTA BOGOR,JAWA BARAT
2024000000310297,sumarni,49,f,2024,081363916238,kawin,KOTA TANGERANG SELATAN,BANTEN
2024000000250303,aprilia rahmawati,25,f,2024,081254780959,kawin,KOTA JAKARTA PUSAT,DKI JAKARTA
2024000000214088,febi ayu lestari,40,f,2024,081224347415,kawin,KOTA DEPOK,JAWA BARAT
2024000000659169,gunawan,28,m,2024,085634020155,belum kawin,KOTA BOGOR,JAWA BARAT
2024000000144842,siti mudrikah,23,f,2024,081822949791,kawin,KOTA DEPOK,JAWA BARAT
2024000000166045,indarti,29,f,2024,085238513748,kawin,KOTA DEPOK,JAWA BARAT
2024000000324720,wahab maulana ramadhan,50,m,2024,081396047570,cerai mati,KOTA BOGOR,JAWA BARAT
2024000000333142,haikal aziz kurniawan,40,m,2024,085226735223,belum kawin,KOTA JAKARTA BARAT,DKI JAKARTA
2024000000338191,ahmad tona,29,m,2024,081321350773,kawin,KOTA BOGOR,JAWA BARAT
2024000000115973,sutomo,49,m,2024,085617642622,cerai mati,KOTA JAKARTA TIMUR,DKI JAKARTA
2024000000336458,mariyem,43,f,2024,082121331486,cerai hidup,KOTA JAKARTA BARAT,DKI JAKARTA
2024000000270179,setio purwanto,22,m,2024,081325977353,belum kawin,KOTA JAKARTA TIMUR,DKI JAKARTA
2024000000123962,tri tugas,43,m,2024,081215544633,kawin,KOTA DEPOK,JAWA BARAT
2024000000276568,tumiati,47,f,2024,081219506520,kawin,KOTA BOGOR,JAWA BARAT
2024000000217575,hanifatun nasyroh,44,f,2024,085241379072,kawin,KOTA BEKASI,JAWA BARAT
2024000000123645,sutarman,42,m,2024,081727605329,belum kawin,KOTA BEKASI,JAWA BARAT
2024000000375716,ponirah,23,f,2024,085224489752,belum kawin,KOTA TANGERANG,BANTEN
2024000000103898,slamet harianto,41,m,2024,082117325171,kawin,KOTA DEPOK,JAWA BARAT
2024000000199239,sumarno,49,m,2024,081214190624,cerai mati,KOTA JAKARTA SELATAN,DKI JAKARTA
2024000000306418,sunarti,38,f,2024,085623755922,kawin,KOTA TANGERANG,BANTEN
2024000000792641,lukman wibowo. s,34,m,2024,085610121918,belum kawin,KABUPATEN BOGOR,JAWA BARAT
2024000000116404,iman wahyudi,51,m,2024,085622229866,cerai mati,KABUPATEN BOGOR,JAWA BARAT
2024000000302967,hariyono,32,m,2024,081397482571,cerai hidup,KOTA JAKARTA TIMUR,DKI JAKARTA
2024000000254294,mami hernawati,43,f,2024,085223144417,cerai hidup,KOTA JAKARTA TIMUR,DKI JAKARTA
2024000000226965,m. irfani,28,m,2024,081323859038,kawin,KOTA JAKARTA SELATAN,DKI JAKARTA
2024000000263146,sagiyati,36,f,2024,082183911214,belum kawin,KOTA JAKARTA SELATAN,DKI JAKARTA
2024000000144216,andi sofyan,32,m,2024,081313833306,belum kawin,KABUPATEN BOGOR,JAWA BARAT
2024000000740450,fita eviyana,22,f,2024,085243306767,belum kawin,KOTA DEPOK,JAWA BARAT
2024000000265745,ahmad priyanto,22,m,2024,085230295222,belum kawin,KOTA JAKARTA BARAT,DKI JAKARTA
2024000000136564,hadi wagiman,34,m,2024,081830397555,belum kawin,KOTA DEPOK,JAWA BARAT
2024000000274900,suparmi,44,f,2024,081823838903,belum kawin,KOTA BOGOR,JAWA BARAT
2024000000297682,sigit widianto,30,m,2024,081831975423,kawin,KOTA BOGOR,JAWA BARAT
2024000000440214,singgih adi putra,34,m,2024,081372797664,belum kawin,KOTA BEKASI,JAWA BARAT
2024000000276045,mitro panut,23,m,2024,085244317249,belum kawin,KOTA TANGERANG,BANTEN
2024000000247371,rubiyati,23,f,2024,081322206690,belum kawin,KOTA TANGERANG SELATAN,BANTEN
2024000000250925,supri yanto,48,m,2024,081385060840,cerai mati,KOTA TANGERANG,BANTEN
2024000000100301,ani paridah,24,f,2024,085232573886,belum kawin,KOTA BEKASI,JAWA BARAT
2024000000317203,nina ayu lestari,37,f,2024,081712270287,kawin,KOTA JAKARTA TIMUR,DKI JAKARTA
2024000000661189,tika ramawati,34,f,2024,082110955009,belum kawin,KOTA BEKASI,JAWA BARAT
2024000000143278,paryono,29,m,2024,081821698514,kawin,KOTA TANGERANG SELATAN,BANTEN
2024000000737030,sukatmi,34,f,2024,082120093748,belum kawin,KOTA BOGOR,JAWA BARAT
2024000000243224,eva apriyani,34,f,2024,085618828889,cerai hidup,KOTA JAKARTA BARAT,DKI JAKARTA
2024000000106687,asiva nur aini,31,f,2024,081811091481,belum kawin,KOTA TANGERANG SELATAN,BANTEN
2024000000285656,m. amin,49,m,2024,081714335430,kawin,KOTA JAKARTA TIMUR,DKI JAKARTA
2024000000529296,salpiah,33,f,2024,082130112979,kawin,KOTA JAKARTA PUSAT,DKI JAKARTA
2024000000336604,mustaqpirin,36,m,2024,081227087568,kawin,KOTA TANGERANG SELATAN,BANTEN
2024000000245561,khairudin,46,m,2024,081327928197,belum kawin,KOTA BEKASI,JAWA BARAT
2024000000266830,khairul ilham,24,m,2024,085613823234,kawin,KOTA BOGOR,JAWA BARAT
2024000000152869,yuli yanti,30,f,2024,082124188084,kawin,KOTA TANGERANG,BANTEN
2024000000203262,shela nur diana sari,32,f,2024,081724979509,cerai hidup,KOTA TANGERANG,BANTEN
2024000000188161,lhailatul istamaroh,51,f,2024,081259606293,kawin,KOTA BOGOR,JAWA BARAT
2024000000893769,sudirman,31,m,2024,085623761341,belum kawin,KOTA BEKASI,JAWA BARAT
2024000000320478,atik winarni,43,f,2024,081346184552,kawin,KOTA BEKASI,JAWA BARAT
2024000000844783,sofyan ali syahbana,48,m,2024,081214021728,cerai hidup,KOTA JAKARTA SELATAN,DKI JAKARTA
2024000000317331,nur aida dwi ramadhani,42,f,2024,082178854364,belum kawin,KOTA JAKARTA PUSAT,DKI JAKARTA
2024000000101381,arsy muhammad al habsy,30,m,2024,085630448034,belum kawin,KOTA TANGERANG SELATAN,BANTEN
2024000000556879,m. zaenuri,45,m,2024,081767977795,kawin,KABUPATEN BOGOR,JAWA BARAT
2024000000148000,tri murtini,26,f,2024,081319466594,kawin,KOTA DEPOK,JAWA BARAT
2024000000163059,leny faridhotul mutmaini,37,f,2024,081893368452,cerai hidup,KABUPATEN BOGOR,JAWA BARAT
2024000000643158,azizah hanifatur rahma,25,f,2024,081821164763,belum kawin,KOTA BOGOR,JAWA BARAT
2024000000114626,ahmad hasinul fikqih,25,m,2024,085212842053,kawin,KABUPATEN BOGOR,JAWA BARAT
2024000000230907,annida hasnaul atika,33,f,2024,085625016985,kawin,KOTA DEPOK,JAWA BARAT
2024000000224725,jalal,31,m,2024,081314445502,kawin,KOTA BOGOR,JAWA BARAT
2024000000365428,supri ani,41,f,2024,085633824422,belum kawin,KOTA BOGOR,JAWA BARAT
2024000000703325,muhammad rikza rohmana,30,m,2024,082110151518,belum kawin,KOTA TANGERANG SELATAN,BANTEN
2024000000686792,aila annafi'an zaini,49,f,2024,081827733249,kawin,KOTA BOGOR,JAWA BARAT
2024000000285646,novi ayu sharafina,26,f,2024,081311967641,kawin,KOTA DEPOK,JAWA BARAT
2024000000274971,nova ayu sharafika,28,f,2024,081731595330,kawin,KABUPATEN BOGOR,JAWA BARAT
2024000000114983,samsuri,50,m,2024,081882393930,cerai hidup,KOTA TANGERANG,BANTEN
2024000000250553,ani,37,f,2024,081817392901,kawin,KOTA TANGERANG,BANTEN
2024000000892291,santi susanti,30,f,2024,081716183265,kawin,KOTA BEKASI,JAWA BARAT
2024000000140970,nyaman,38,m,2024,085228578099,belum kawin,KOTA TANGERANG,BANTEN
2024000000249387,rusmiyati,47,f,2024,081210551928,belum kawin,KOTA JAKARTA PUSAT,DKI JAKARTA
2024000000493247,taufik usman,48,m,2024,081212871956,kawin,KOTA TANGERANG SELATAN,BANTEN
2024000000218707,suci melia putri,27,f,2024,081326169501,belum kawin,KOTA TANGERANG SELATAN,BANTEN
2024000000275964,tumidjo,41,m,2024,081724616160,belum kawin,KOTA JAKARTA PUSAT,DKI JAKARTA
2024000000324382,sumarni,29,f,2024,085625694345,kawin,KOTA JAKARTA PUSAT,DKI JAKARTA
2024000000336757,aprilia rahmawati,23,f,2024,085227167121,belum kawin,KOTA JAKARTA TIMUR,DKI JAKARTA
2024000000460112,febi ayu lestari,28,f,2024,085633669609,belum kawin,KOTA JAKARTA TIMUR,DKI JAKARTA
2024000000327855,gunawan,33,m,2024,081722200471,cerai hidup,KOTA JAKARTA TIMUR,DKI JAKARTA
2024000000300775,siti mudrikah,39,f,2024,085612551358,cerai hidup,KOTA TANGERANG SELATAN,BANTEN
2024000000251304,indarti,23,f,2024,082119194314,kawin,KOTA JAKARTA TIMUR,DKI JAKARTA
2024000000252276,wahab maulana ramadhan,26,m,2024,081814390303,belum kawin,KOTA BEKASI,JAWA BARAT
2024000000890499,haikal aziz kurniawan,39,m,2024,081215429427,kawin,KOTA TANGERANG SELATAN,BANTEN
2024000000235365,ahmad tona,44,m,2024,082122774827,cerai hidup,KOTA JAKARTA SELATAN,DKI JAKARTA
2024000000137737,sutomo,48,m,2024,082113012436,cerai mati,KOTA BOGOR,JAWA BARAT
2024000000529004,mariyem,26,f,2024,081821901523,kawin,KOTA JAKARTA BARAT,DKI JAKARTA
2024000000686909,setio purwanto,24,m,2024,081319578379,belum kawin,KOTA BEKASI,JAWA BARAT
2024000000155719,tri tugas,37,m,2024,081321200826,kawin,KOTA JAKARTA PUSAT,DKI JAKARTA
2024000000449166,tumiati,31,f,2024,081312572937,belum kawin,KOTA JAKARTA SELATAN,DKI JAKARTA
2024000000226515,hanifatun nasyroh,42,f,2024,081821691831,belum kawin,KOTA JAKARTA TIMUR,DKI JAKARTA
2024000000294774,sutarman,30,m,2024,081729028804,belum kawin,KOTA TANGERANG,BANTEN
2024000000267687,ponirah,43,f,2024,081721598188,kawin,KOTA TANGERANG,BANTEN
2024000000211887,slamet harianto,25,m,2024,081816426194,kawin,KOTA TANGERANG,BANTEN
2024000000161783,sumarno,43,m,2024,081217733085,cerai hidup,KOTA JAKARTA SELATAN,DKI JAKARTA
2024000000285476,sunarti,38,f,2024,081261085889,belum kawin,KOTA TANGERANG SELATAN,BANTEN
2024000000292951,lukman wibowo. s,44,m,2024,081816747926,cerai hidup,KOTA JAKARTA PUSAT,DKI JAKARTA
2024000000281731,iman wahyudi,49,m,2024,081718856166,cerai hidup,KOTA DEPOK,JAWA BARAT
2024000000315486,hariyono,27,m,2024,081722711950,belum kawin,KOTA TANGERANG SELATAN,BANTEN
2024000000157171,mami hernawati,30,f,2024,081816116470,kawin,KOTA JAKARTA PUSAT,DKI JAKARTA
2024000000254102,m. irfani,51,m,2024,082168406107,kawin,KOTA JAKARTA SELATAN,DKI JAKARTA
2024000000411643,sagiyati,38,f,2024,085215157867,kawin,KOTA BOGOR,JAWA BARAT
2024000000145788,andi sofyan,22,m,2024,085629425964,belum kawin,KOTA BOGOR,JAWA BARAT
2024000000143447,fita eviyana,23,f,2024,081722859844,belum kawin,KOTA DEPOK,JAWA BARAT
2024000000133474,ahmad priyanto,44,m,2024,081811687614,kawin,KOTA JAKARTA PUSAT,DKI JAKARTA
2024000000278128,hadi wagiman,31,m,2024,081225945695,kawin,KOTA JAKARTA PUSAT,DKI JAKARTA
2024000000181770,suparmi,35,f,2024,082113605771,belum kawin,KOTA TANGERANG SELATAN,BANTEN
2024000000918525,sigit widianto,33,m,2024,081329601948,kawin,KOTA TANGERANG,BANTEN
2024000000541028,singgih adi putra,22,m,2024,085221142608,kawin,KOTA JAKARTA SELATAN,DKI JAKARTA
2024000000165286,mitro panut,41,m,2024,085633445058,kawin,KOTA TANGERANG,BANTEN
2024000000168448,rubiyati,22,f,2024,081818812659,belum kawin,KOTA TANGERANG SELATAN,BANTEN
2024000000280999,supri yanto,35,m,2024,081212023011,cerai hidup,KOTA JAKARTA SELATAN,DKI JAKARTA
2024000000278632,ani paridah,50,f,2024,085231181016,belum kawin,KOTA JAKARTA SELATAN,DKI JAKARTA
2024000000483883,nina ayu lestari,28,f,2024,081786446007,kawin,KABUPATEN BOGOR,JAWA BARAT
2024000000254451,tika ramawati,41,f,2024,082125944903,cerai hidup,KOTA JAKARTA PUSAT,DKI JAKARTA
2024000000224483,paryono,34,m,2024,085255590966,cerai hidup,KOTA BOGOR,JAWA BARAT
2024000000233081,sukatmi,30,f,2024,081217770020,kawin,KOTA JAKARTA SELATAN,DKI JAKARTA
2024000000110276,eva apriyani,25,f,2024,081833533097,belum kawin,KOTA JAKARTA SELATAN,DKI JAKARTA
2024000000554072,asiva nur aini,43,f,2024,085623703134,kawin,KOTA JAKARTA TIMUR,DKI JAKARTA
2024000000306754,m. amin,35,m,2024,081316372720,kawin,KOTA JAKARTA SELATAN,DKI JAKARTA
2024000000335264,salpiah,33,f,2024,085618101114,kawin,KOTA BEKASI,JAWA BARAT
2024000000325528,mustaqpirin,48,m,2024,081726575708,cerai hidup,KOTA DEPOK,JAWA BARAT
2024000000324963,khairudin,42,m,2024,085213888546,kawin,KABUPATEN BOGOR,JAWA BARAT
2024000000285416,khairul ilham,49,m,2024,081333795660,belum kawin,KOTA JAKARTA BARAT,DKI JAKARTA
2024000000265865,yuli yanti,49,f,2024,081821797129,cerai hidup,KOTA JAKARTA TIMUR,DKI JAKARTA
2024000000630903,shela nur diana sari,28,f,2024,081713269558,kawin,KOTA BOGOR,JAWA BARAT
2024000000198518,lhailatul istamaroh,29,f,2024,081311600301,belum kawin,KOTA JAKARTA PUSAT,DKI JAKARTA
2024000000280513,sudirman,43,m,2024,082111467612,kawin,KOTA JAKARTA BARAT,DKI JAKARTA
2024000000214012,atik winarni,27,f,2024,081226887755,belum kawin,KOTA JAKARTA BARAT,DKI JAKARTA
2024000000934522,sofyan ali syahbana,33,m,2024,085614590849,kawin,KABUPATEN BOGOR,JAWA BARAT
2024000000271363,nur aida dwi ramadhani,48,f,2024,081229454977,cerai mati,KOTA BOGOR,JAWA BARAT
2024000000675559,arsy muhammad al habsy,34,m,2024,082111713070,belum kawin,KOTA DEPOK,JAWA BARAT
2024000000137369,pangidoan,51,m,2024,081824366889,belum kawin,KOTA BOGOR,JAWA BARAT
2024000000711733,suwarni,24,f,2024,082118716114,kawin,KOTA JAKARTA SELATAN,DKI JAKARTA
2024000000309777,nurliani,43,f,2024,082111553165,belum kawin,KABUPATEN BOGOR,JAWA BARAT
2024000000189036,safiq heryanto,28,m,2024,085616534707,belum kawin,KOTA JAKARTA SELATAN,DKI JAKARTA
2024000000302117,rahmat,48,m,2024,081310832157,cerai mati,KOTA DEPOK,JAWA BARAT
2024000000270368,yunersen,35,m,2024,082113554573,cerai hidup,KOTA JAKARTA BARAT,DKI JAKARTA
2024000000869088,ahmad muttakin,38,m,2024,081710915047,cerai hidup,KOTA BEKASI,JAWA BARAT
2024000000132775,badriah,25,f,2024,082124738808,kawin,KOTA JAKARTA TIMUR,DKI JAKARTA
2024000000159752,harisun,33,m,2024,081311914990,kawin,KOTA DEPOK,JAWA BARAT
2024000000105075,hali maskur,48,m,2024,085627277323,cerai mati,KOTA JAKARTA SELATAN,DKI JAKARTA
2024000000241383,yusuf,25,m,2024,081718294814,kawin,KOTA JAKARTA SELATAN,DKI JAKARTA
2024000000232039,bukhori,26,m,2024,085211385939,kawin,KABUPATEN BOGOR,JAWA BARAT
2024000000536092,si'in,29,f,2024,085681109973,kawin,KOTA JAKARTA TIMUR,DKI JAKARTA
2024000000263331,muhammad susanto,24,m,2024,082151893632,kawin,KOTA TANGERANG,BANTEN
2024000000888447,anwar asnawi,25,m,2024,081723870555,belum kawin,KOTA JAKARTA TIMUR,DKI JAKARTA
2024000000300074,ali imron,40,m,2024,085627466314,cerai hidup,KOTA JAKARTA PUSAT,DKI JAKARTA
2024000000967562,slamet nidun,31,m,2024,082178620016,cerai hidup,KOTA JAKARTA TIMUR,DKI JAKARTA
2024000000132078,jaemah,50,f,2024,085618247551,cerai mati,KOTA BOGOR,JAWA BARAT
2024000000477217,eka junita,31,f,2024,081224680569,belum kawin,KOTA BEKASI,JAWA BARAT
2024000000993166,duwi a. fikri,34,m,2024,085629691029,cerai hidup,KOTA JAKARTA TIMUR,DKI JAKARTA
2024000000246801,muhammad akbar rizan,47,m,2024,081216177870,cerai hidup,KOTA JAKARTA BARAT,DKI JAKARTA
2024000000326346,martono,31,m,2024,082120447941,belum kawin,KOTA BOGOR,JAWA BARAT
2024000000230887,sadiah,44,f,2024,081711992648,cerai hidup,KABUPATEN BOGOR,JAWA BARAT
2024000000183660,pitriani,44,f,2024,081214596516,kawin,KOTA TANGERANG SELATAN,BANTEN
2024000000281239,amat solekan,43,m,2024,085621103544,kawin,KOTA DEPOK,JAWA BARAT
2024000000288102,iswadi,26,m,2024,081324256033,kawin,KOTA JAKARTA SELATAN,DKI JAKARTA
2024000000363071,paino,51,m,2024,085213756880,kawin,KOTA JAKARTA PUSAT,DKI JAKARTA
2024000000338784,hani atun,44,f,2024,081220931937,belum kawin,KOTA TANGERANG SELATAN,BANTEN
2024000000578537,riska sundari,42,f,2024,081276804499,kawin,KOTA TANGERANG,BANTEN
2024000000136105,sabrina fatmawati,35,f,2024,081824191449,kawin,KOTA JAKARTA BARAT,DKI JAKARTA
2024000000252595,abdul jalil,46,m,2024,081810774021,cerai hidup,KOTA JAKARTA TIMUR,DKI JAKARTA
2024000000367561,sulastri,45,f,2024,081779535056,cerai hidup,KOTA DEPOK,JAWA BARAT
2024000000304935,abi gail,28,m,2024,082138316253,kawin,KOTA BOGOR,JAWA BARAT
2024000000319278,raudati zuhriyah,46,f,2024,081826421758,belum kawin,KOTA JAKARTA BARAT,DKI JAKARTA
2024000000306324,nirmala syafira,33,f,2024,081217810215,belum kawin,KABUPATEN BOGOR,JAWA BARAT
2024000000132892,turhadi,24,m,2024,085619120111,belum kawin,KOTA TANGERANG SELATAN,BANTEN
2024000000271410,konah,30,f,2024,081719951596,belum kawin,KABUPATEN BOGOR,JAWA BARAT
2024000000801121,hani sali sati,23,f,2024,081232477281,belum kawin,KOTA DEPOK,JAWA BARAT
2024000000163525,alwan supangat,25,m,2024,081733166461,kawin,KOTA BOGOR,JAWA BARAT
2024000000213148,sukirman,45,m,2024,085229820091,kawin,KOTA JAKARTA BARAT,DKI JAKARTA
2024000000233739,riyanti,42,f,2024,081265481244,cerai hidup,KOTA JAKARTA BARAT,DKI JAKARTA
2024000000154077,rafika oktavianti,48,f,2024,085619633757,cerai mati,KABUPATEN BOGOR,JAWA BARAT
2024000000123162,dwi kurniasih,27,f,2024,081318258555,belum kawin,KOTA TANGERANG,BANTEN
2024000000811558,m. tri ananta anugrah,38,m,2024,085622157870,kawin,KOTA BOGOR,JAWA BARAT
2024000000149224,rajiman,49,m,2024,081825730931,cerai hidup,KOTA JAKARTA TIMUR,DKI JAKARTA
2024000000293071,leginem,48,f,2024,085220871468,belum kawin,KOTA JAKARTA TIMUR,DKI JAKARTA
2024000000221923,suparjo,42,m,2024,081312864707,cerai hidup,KOTA JAKARTA PUSAT,DKI JAKARTA
2024000000255168,suliyatin,36,f,2024,081742802797,belum kawin,KOTA TANGERANG,BANTEN
2024000000157085,catur suroso,36,m,2024,081328937926,cerai hidup,KOTA JAKARTA PUSAT,DKI JAKARTA
2024000000116385,rafika dewi sari,27,f,2024,081212970006,belum kawin,KOTA JAKARTA BARAT,DKI JAKARTA
2024000000103605,dian nur assyfa,41,f,2024,081775684943,kawin,KOTA JAKARTA SELATAN,DKI JAKARTA
2024000000272351,abdul hamid,37,m,2024,085616575407,cerai hidup,KOTA BEKASI,JAWA BARAT
2024000000112969,siti aisah,31,f,2024,085657542831,kawin,KOTA DEPOK,JAWA BARAT
2024000000270652,sariman,48,m,2024,085273030734,cerai mati,KOTA JAKARTA BARAT,DKI JAKARTA
2024000000167698,tasminah,47,f,2024,081820163231,kawin,KOTA JAKARTA SELATAN,DKI JAKARTA
2024000000656569,nafiudin,47,m,2024,081233550281,belum kawin,KOTA JAKARTA PUSAT,DKI JAKARTA
2024000000228448,siti komariyah,45,f,2024,081830555314,kawin,KABUPATEN BOGOR,JAWA BARAT
2024000000236600,budiman syahputra,33,m,2024,081716198626,belum kawin,KOTA DEPOK,JAWA BARAT
2024000000111050,sri nawati,41,f,2024,081860393351,cerai hidup,KOTA TANGERANG,BANTEN
2024000000229259,rakha fico efendi,37,m,2024,081839354236,belum kawin,KOTA JAKARTA SELATAN,DKI JAKARTA
2024000000143083,muji syukur,24,m,2024,081333664594,kawin,KOTA TANGERANG SELATAN,BANTEN
2024000000118279,ismini,41,f,2024,081726274835,belum kawin,KABUPATEN BOGOR,JAWA BARAT
2024000000123963,eka afrilia pujianti,22,f,2024,085229410081,belum kawin,KOTA JAKARTA BARAT,DKI JAKARTA
2024000000477406,fikri dwi susanto,25,m,2024,081326362087,belum kawin,KOTA DEPOK,JAWA BARAT
2024000000323008,siswanto,41,m,2024,081317254306,belum kawin,KABUPATEN BOGOR,JAWA BARAT
2024000000554343,mu'alifah,37,f,2024,081866216749,cerai hidup,KOTA BEKASI,JAWA BARAT
2024000000310296,yuda aldiansyah,48,m,2024,085675155926,cerai hidup,KOTA JAKARTA TIMUR,DKI JAKARTA
2024000000266389,sugianto,44,m,2024,081229414587,cerai hidup,KOTA BOGOR,JAWA BARAT
2024000000105220,deni primawan,31,m,2024,081225684810,cerai hidup,KOTA TANGERANG SELATAN,BANTEN
2024000000100456,muhammad yusuf,44,m,2024,085279146983,cerai hidup,KOTA DEPOK,JAWA BARAT
2024000000998522,niwan,29,m,2024,081723961782,belum kawin,KOTA BOGOR,JAWA BARAT
2024000000232065,siti masithoh,29,f,2024,081813703234,kawin,KOTA JAKARTA SELATAN,DKI JAKARTA
2024000000191688,mustofa,41,m,2024,081230796598,belum kawin,KOTA JAKARTA TIMUR,DKI JAKARTA
2024000000339602,somad susanto,45,m,2024,085231274083,belum kawin,KOTA BOGOR,JAWA BARAT
2024000000569466,immatul azizah,50,f,2024,081311615493,cerai mati,KOTA BEKASI,JAWA BARAT
2024000000609420,lamsyah purba,27,m,2024,085284449797,kawin,KOTA BOGOR,JAWA BARAT
2024000000187840,roliana silalahi,40,f,2024,085229361809,belum kawin,KABUPATEN BOGOR,JAWA BARAT
2024000000339933,desi ratnasari,23,f,2024,081330507565,belum kawin,KOTA JAKARTA PUSAT,DKI JAKARTA
2024000000915867,abdul hanafi purba,32,m,2024,081242439118,kawin,KOTA JAKARTA PUSAT,DKI JAKARTA
2024000000262125,ibnu haris purba,50,m,2024,081331645334,cerai mati,KABUPATEN BOGOR,JAWA BARAT
2024000000198144,arif suesanto purba,43,m,2024,081229434250,cerai hidup,KOTA TANGERANG SELATAN,BANTEN
2024000000170499,ade liyanti,44,f,2024,081750151857,kawin,KOTA JAKARTA BARAT,DKI JAKARTA
2024000000309946,jubadi,50,m,2024,085235497683,cerai hidup,KOTA JAKARTA PUSAT,DKI JAKARTA
2024000000269039,citra ayu wulandari,40,f,2024,081749720998,cerai hidup,KOTA JAKARTA SELATAN,DKI JAKARTA
2024000000158827,surya dwi syahputra,38,m,2024,085228680922,cerai hidup,KOTA JAKARTA TIMUR,DKI JAKARTA
2024000000325601,jumali,33,m,2024,085230581153,belum kawin,KOTA JAKARTA BARAT,DKI JAKARTA
2024000000928299,adi widjoyo,39,m,2024,081270470934,kawin,KOTA DEPOK,JAWA BARAT
2024000000255929,sudarseh,42,f,2024,081212281548,kawin,KOTA DEPOK,JAWA BARAT
2024000000128094,siti juwariyah,25,f,2024,081220112166,belum kawin,KOTA BOGOR,JAWA BARAT
2024000000584317,munirul ikhwan,49,m,2024,082194439247,cerai mati,KOTA JAKARTA BARAT,DKI JAKARTA
2024000000339615,ahmad farid,44,m,2024,081720234804,belum kawin,KOTA BOGOR,JAWA BARAT
2024000000335238,apriyani,38,f,2024,085698422758,kawin,KOTA JAKARTA PUSAT,DKI JAKARTA
2024000000140631,abdi ahmad permadani,38,m,2024,081222613136,belum kawin,KOTA BEKASI,JAWA BARAT
2024000000172722,dinda syifa,39,f,2024,081225537335,cerai hidup,KOTA TANGERANG SELATAN,BANTEN
2024000000303436,sutrisno,50,m,2024,081824741780,kawin,KOTA TANGERANG SELATAN,BANTEN
2024000000126826,sundari,34,f,2024,085620963398,belum kawin,KABUPATEN BOGOR,JAWA BARAT
2024000000286889,khoiru nisa aprilia,33,f,2024,085210741003,kawin,KOTA TANGERANG SELATAN,BANTEN
2024000000296322,supriyadi,43,m,2024,082115190280,belum kawin,KOTA JAKARTA PUSAT,DKI JAKARTA
2024000000208335,sri khayati,48,f,2024,085213051551,belum kawin,KOTA JAKARTA SELATAN,DKI JAKARTA
2024000000182947,al fathir rakha abyan,32,m,2024,082119464359,cerai hidup,KOTA DEPOK,JAWA BARAT
2024000000137373,herman,31,m,2024,081718959643,cerai hidup,KOTA DEPOK,JAWA BARAT
2024000000336752,tria ningsih,27,f,2024,081885909598,belum kawin,KABUPATEN BOGOR,JAWA BARAT
2024000000325633,akmal maulana teguh firmansyah,29,m,2024,081825351016,belum kawin,KABUPATEN BOGOR,JAWA BARAT
2024000000116770,galih setiawan dwi aldi hernanda,40,m,2024,085622749536,belum kawin,KABUPATEN BOGOR,JAWA BARAT
2024000000100760,bonem,41,f,2024,085620656251,cerai hidup,KOTA BOGOR,JAWA BARAT
2024000000127877,ahmad sujono,25,m,2024,081716329487,belum kawin,KOTA JAKARTA BARAT,DKI JAKARTA
2024000000142040,siyami,42,f,2024,082117097269,belum kawin,KOTA JAKARTA SELATAN,DKI JAKARTA
2024000000101103,dion aldi setiawan,34,m,2024,085661669954,kawin,KOTA TANGERANG SELATAN,BANTEN
2024000000316473,teguh ramadhan,36,m,2024,081729135922,kawin,KOTA BOGOR,JAWA BARAT
2024000000103995,nurokhmad ikhwandi,46,m,2024,081331219981,kawin,KOTA DEPOK,JAWA BARAT
2024000000154249,siti maryatun,27,f,2024,085233110897,belum kawin,KOTA JAKARTA PUSAT,DKI JAKARTA
2024000000806914,muhammad fajri maulana,26,m,2024,085640732727,belum kawin,KOTA TANGERANG SELATAN,BANTEN
2024000000281204,suyatno,51,m,2024,082123407927,cerai hidup,KOTA JAKARTA TIMUR,DKI JAKARTA
2024000000177734,sriana,43,f,2024,085229783338,belum kawin,KOTA BOGOR,JAWA BARAT
2024000000129968,hasan sidik,25,m,2024,082119211600,belum kawin,KOTA JAKARTA BARAT,DKI JAKARTA
2024000000110825,maulana mujahid,26,m,2024,081323836692,belum kawin,KOTA TANGERANG SELATAN,BANTEN
2024000000205500,fadhilah aini,50,f,2024,082191275174,belum kawin,KOTA JAKARTA SELATAN,DKI JAKARTA
2024000000211096,eria zilan putri,41,f,2024,081826237263,cerai hidup,KOTA TANGERANG SELATAN,BANTEN
2024000000152594,kasianto,29,m,2024,081721160149,kawin,KOTA DEPOK,JAWA BARAT
2024000000297616,sutrisno,32,m,2024,081215936108,belum kawin,KOTA JAKARTA PUSAT,DKI JAKARTA
2024000000104807,roni setyawan,39,m,2024,085224520758,belum kawin,KABUPATEN BOGOR,JAWA BARAT
2024000000171820,slamet,35,m,2024,081221148734,kawin,KOTA DEPOK,JAWA BARAT
2024000000140030,sariani,28,f,2024,081727397083,belum kawin,KOTA BEKASI,JAWA BARAT
2024000000958691,fahri al farisi,30,m,2024,082115077565,belum kawin,KOTA TANGERANG,BANTEN
2024000000952128,imania syafa azzahrah,32,f,2024,085625140166,belum kawin,KOTA TANGERANG,BANTEN
2024000000248186,sukarlan,42,m,2024,081236349105,kawin,KOTA JAKARTA BARAT,DKI JAKARTA
2024000000281428,kokom komariah,23,f,2024,082129780122,belum kawin,KOTA TANGERANG SELATAN,BANTEN
