Name,Gender,Block,Cluster,year_of_inhabited,own_status,res_id
ridha ulva,f,A14,Ancol,2022,Owner,202203A1401484221
rizqi wahyuningsih,f,B19,Ancol,2022,Rent,202203B1902780908
ruwadi saputra,m,C12,Ancol,2023,Owner,202303C1201119547
sugeng hermawan,m,D3,Ancol,2024,Rent,202403D302160049
suliatun,f,C1,Ancol,2022,Owner,202203C101563316
tomi ismeidianto,m,G12,Ancol,2022,Owner,202203G1201179026
usthalay putra,m,H12,Ancol,2023,Owner,202303H1201633496
winggo aga septian,m,G15,Ancol,2022,Owner,202203G1501690987
yunaldi rizki putra,m,D25,Ancol,2024,Owner,202403D2501171004
arif fasetyo,m,G11,Ancol,2023,Owner,202303G1101892420
arie rahman satria,m,B20,Ancol,2024,Owner,202403B2001196382
arinda oktaviana,f,D8,Ancol,2023,Rent,202303D802517421
asri jakawendra,m,H25,Ancol,2023,Owner,202303H2501280011
astri stiawaty,m,H1,Ancol,2023,Owner,202303H101141935
aszani,f,F1,Ancol,2022,Owner,202203F101467154
boby rahman,m,A16,Ancol,2022,Owner,202203A1601285586
dewi cahyati,f,D18,Ancol,2022,Owner,202203D1801112245
dimas aditya perdana,m,C4,Ancol,2023,Owner,202303C401133155
dinda afani,f,C8,Ancol,2023,Rent,202303C802103588
doni sanjaya,m,B11,Ancol,2024,Owner,202403B1101794392
fitri yanti,f,D27,Ancol,2024,Owner,202403D2701308369
hendri eka saputra,m,A5,Ancol,2022,Owner,202203A501112667
irwan ahmad gafur,m,B17,Ancol,2024,Owner,202403B1701600697
isa ismail,m,D6,Ancol,2022,Owner,202203D601240055
kurniawan rosman a,m,A9,Ancol,2023,Owner,202303A901220966
muhammad azmy,m,F5,Ancol,2022,Owner,202203F501295992
muhammad ilham,m,E4,Ancol,2022,Owner,202203E401265238
muhammad sholihan,m,B4,Ancol,2024,Owner,202403B401236420
novita dewi,f,H21,Ancol,2024,Owner,202403H2101178578
novri sabli saputra,m,D24,Ancol,2024,Owner,202403D2401187867
pajar bahari,m,D12,Ancol,2023,Owner,202303D1201242806
redha fauziah aziz,f,G16,Ancol,2024,Owner,202403G1601312097
ridho,m,D11,Ancol,2024,Owner,202403D1101263990
ridho fajri,m,G9,Ancol,2024,Owner,202403G901267851
ridho rismayanda,m,H23,Ancol,2022,Rent,202203H2302381430
ridwan candra,m,A10,Ancol,2022,Owner,202203A1001314392
rosdina,f,H3,Ancol,2023,Owner,202303H301109854
supriadi,m,G6,Ancol,2023,Owner,202303G601652294
suriyani,f,E5,Ancol,2022,Owner,202203E501134039
tommy zul hidayat,m,B16,Ancol,2022,Owner,202203B1601208333
umi riyani,f,D13,Ancol,2022,Owner,202203D1301227936
wiwik sumarmi,f,D1,Ancol,2022,Owner,202203D101323962
yuni dwi hastuti,f,H5,Ancol,2023,Owner,202303H501220892
aulia rahman,m,B9,Ancol,2022,Owner,202203B901547192
agung kurniawan,m,A12,Ancol,2022,Owner,202203A1201429217
ahmad fauzi paturusi,m,A7,Ancol,2024,Owner,202403A701848730
arie biola gunti masuko,m,H20,Ancol,2024,Owner,202403H2001296930
ayu andira,f,F9,Ancol,2022,Owner,202203F901664817
ayu dwi septiana arta,f,H22,Ancol,2024,Owner,202403H2201127609
azwar anas,m,H15,Ancol,2022,Rent,202203H1502921274
azwir irfan nanda,m,D14,Ancol,2022,Owner,202203D1401175758
budi setiawan,m,E9,Ancol,2024,Owner,202403E901278975
donna febriani,f,C13,Ancol,2023,Owner,202303C1301216791
dwi widiastuti,f,B5,Ancol,2022,Owner,202203B501449940
dwiki apsyarin,m,E3,Ancol,2024,Rent,202403E302102225
dwiza indri,m,C7,Ancol,2022,Owner,202203C701165915
frans b jaya zalukhu,m,B21,Ancol,2023,Owner,202303B2101195205
fuad harisfa,m,F2,Ancol,2024,Owner,202403F201111589
herman efendi,m,H14,Ancol,2024,Rent,202403H1402273790
ichsyan rizky adi p,m,D15,Ancol,2023,Owner,202303D1501206345
ivo oktavianti,f,C10,Ancol,2022,Owner,202203C1001133824
lailatul izzati,f,C16,Ancol,2024,Owner,202403C1601244346
muhammad oki,m,C14,Ancol,2024,Rent,202403C1402295046
muhammad ridho ardonis,m,H6,Ancol,2023,Owner,202303H601826045
muhammad rizqi muttaqin,m,D22,Ancol,2024,Owner,202403D2201135881
muhammad setyo,m,D2,Ancol,2022,Owner,202203D201180421
nur aulia hasanah,f,H7,Ancol,2022,Rent,202203H702309642
nurfatrianti,f,D16,Ancol,2024,Owner,202403D1601803577
pikril islami,m,A15,Ancol,2023,Rent,202303A1502209362
rikal,m,A3,Ancol,2024,Owner,202403A301475415
riyan hidayat,m,A13,Ancol,2022,Owner,202203A1301148997
rizki fatama,m,H10,Ancol,2023,Rent,202303H1002215830
rizkie hafizzah,f,G4,Ancol,2024,Rent,202403G402335781
syaiful akbar,m,A1,Ancol,2024,Owner,202403A101308923
nu' in sofyan,m,B3,Ancol,2024,Rent,202403B302280457
sumirah,m,C15,Ancol,2024,Owner,202403C1501165303
ade surahman,m,C6,Ancol,2022,Rent,202203C602480434
kasnanto,m,B8,Ancol,2023,Owner,202303B801972722
sumirah,m,F4,Ancol,2023,Owner,202303F401246810
teguh wahyudi,m,H16,Ancol,2022,Owner,202203H1601108817
sakiyo,m,D7,Ancol,2022,Owner,202203D701987639
dwi kasmini,m,B1,Ancol,2022,Owner,202203B101246645
laily mufarokah,m,B23,Ancol,2022,Owner,202203B2301133830
sigit nugroho,m,B10,Ancol,2024,Owner,202403B1001120987
linda rusmi wardani,m,B13,Ancol,2022,Rent,202203B1302147788
m. charly iman nugroho,m,F15,Ancol,2024,Owner,202403F1501118123
untung sugiono,m,C17,Ancol,2022,Owner,202203C1701179846
sarminah,m,B2,Ancol,2022,Owner,202203B201109026
wiwik purwanti,m,A8,Ancol,2024,Owner,202403A801658283
saputra,m,H2,Ancol,2022,Rent,202203H202137999
sufiyani,f,H4,Ancol,2024,Owner,202403H401873238
zenika pradea,f,E8,Ancol,2023,Owner,202303E801272421
adelia agustin,f,F13,Ancol,2023,Rent,202303F1302126183
desi aulia rahma,f,B15,Ancol,2024,Owner,202403B1501324342
muhammad fajar maulana,m,D5,Ancol,2022,Owner,202203D501257426
muliadi,m,D20,Ancol,2022,Owner,202203D2001107296
nuriyati,f,F6,Ancol,2022,Owner,202203F601243393
andreyan saputra,m,H18,Ancol,2022,Rent,202203H1802294413
afrianda,m,H9,Ancol,2022,Owner,202203H901431797
surya ramadani,m,A2,Ancol,2022,Owner,202203A201604186
suhendri,m,B12,Ancol,2024,Owner,202403B1201156087
dewi wulan sari,f,H19,Ancol,2022,Owner,202203H1901209011
reza andika ramadhan,m,B14,Ancol,2022,Owner,202203B1401152918
slamet,m,G3,Ancol,2023,Owner,202303G301213614
erna,f,D19,Ancol,2024,Owner,202403D1901263826
gilang aditia,m,G7,Ancol,2022,Owner,202203G701183988
suherianto,m,F10,Ancol,2024,Owner,202403F1001329986
sugianti,f,D23,Ancol,2023,Owner,202303D2301123613
aris pratama putra,m,F14,Ancol,2022,Owner,202203F1401104557
adella,f,D10,Ancol,2024,Owner,202403D1001146841
widyo sudiro,m,G10,Ancol,2022,Rent,202203G1002337595
kusniah,f,E1,Ancol,2023,Rent,202303E102169870
riza feri handoko,m,B24,Ancol,2022,Owner,202203B2401141059
angga adhy surya,m,D28,Ancol,2023,Rent,202303D2802241417
nelvin adhy renata,m,H8,Ancol,2022,Owner,202203H801263500
titis brigida silva,f,F16,Ancol,2022,Owner,202203F1601203366
suroso,m,C2,Ancol,2023,Owner,202303C201338628
sukati,f,E7,Ancol,2022,Rent,202203E702306142
depri selamet ariadi,m,F11,Ancol,2023,Owner,202303F1101113930
isti nurjanah,f,G13,Ancol,2024,Owner,202403G1301219716
ruswantoro,m,H24,Ancol,2024,Rent,202403H2402144237
juli anggraeni,f,D17,Ancol,2024,Owner,202403D1701146338
muhammad prayoga winata,m,G5,Ancol,2023,Owner,202303G501210424
heru setyono,m,F7,Ancol,2024,Owner,202403F701840492
sri mulyani,f,G2,Ancol,2022,Rent,202203G202891331
galih subekti,m,F8,Ancol,2022,Owner,202203F801262359
ageng kurniawan,m,F3,Ancol,2024,Owner,202403F301173185
auliya shobrina,f,A4,Ancol,2024,Owner,202403A401275540
slamet,m,A6,Ancol,2022,Owner,202203A601206031
suparmi,f,A11,Ancol,2024,Rent,202403A1102678244
tri agus susilo,m,F17,Ancol,2022,Owner,202203F1701185213
junaeri,m,D9,Ancol,2024,Rent,202403D902457460
daryono,m,F18,Ancol,2023,Owner,202303F1801368209
poniyem,f,B18,Ancol,2024,Owner,202403B1801149933
fajar setiawan,m,D4,Ancol,2024,Owner,202403D401113526
nabilatul dwi seftiani,f,B22,Ancol,2024,Owner,202403B2201114740
jaimin,m,E10,Ancol,2023,Owner,202303E1001264395
rohatun,f,E2,Ancol,2024,Owner,202403E201571358
dewi safitri,f,C11,Ancol,2024,Owner,202403C1101101630
dian elok nur cahyati,f,G1,Ancol,2024,Owner,202403G101130694
m. amrijen nur rohman,m,E6,Ancol,2023,Rent,202303E602303076
rosidin,m,G8,Ancol,2022,Owner,202203G801100622
suwarti,f,D21,Ancol,2022,Owner,202203D2101228983
krisdan fauzi,m,G14,Ancol,2023,Rent,202303G1402245116
khasanah dwi fauziah,f,D26,Ancol,2022,Owner,202203D2601151103
ainun isnaini fauziati,f,C9,Ancol,2024,Owner,202403C901487836
m. rais tri wahyudi,m,H17,Ancol,2024,Owner,202403H1701127409
sri mudrikoh,f,B7,Ancol,2022,Owner,202203B701157125
ihsan baedowi,m,F12,Ancol,2023,Owner,202303F1201241070
rahmad erwin wibisono,m,H13,Ancol,2022,Owner,202203H1301295709
muhamad fiki wahyudi,m,B6,Ancol,2022,Owner,202203B601470767
agus salim,m,C5,Ancol,2022,Owner,202203C501226794
mardiana,f,C3,Ancol,2023,Owner,202303C301125669
mustika sari,f,H11,Ancol,2022,Rent,202203H1102316053
muhammad zamzari,m,D19,Darmawangsa,2022,Owner,202204D1901164765
air murya,f,F9,Darmawangsa,2024,Owner,202404F901326641
sumardi,m,B4,Darmawangsa,2024,Owner,202404B401216705
surni,f,H13,Darmawangsa,2024,Owner,202404H1301215987
wahid suprayitno,m,H9,Darmawangsa,2024,Owner,202404H901425975
sutramiati,f,H15,Darmawangsa,2022,Owner,202204H1501182617
susanti lestari,f,F8,Darmawangsa,2022,Owner,202204F801423199
rasman,m,B19,Darmawangsa,2022,Owner,202204B1901256452
riya ningsih,f,D6,Darmawangsa,2022,Owner,202204D601316282
uji ifandy saputra,m,G15,Darmawangsa,2024,Owner,202404G1501462471
hana aida sahila,m,D28,Darmawangsa,2024,Owner,202404D2801741030
mufizar ilyas,m,D27,Darmawangsa,2023,Rent,202304D2702852366
nora,m,C2,Darmawangsa,2024,Owner,202404C201164310
ulviana agustina,m,B8,Darmawangsa,2022,Owner,202204B801197239
erina ramadhani,m,C18,Darmawangsa,2023,Owner,202304C1801847516
sumono,m,E4,Darmawangsa,2024,Owner,202404E401308752
khoirul zaki,m,F3,Darmawangsa,2023,Owner,202304F301121757
warsini,m,A4,Darmawangsa,2023,Owner,202304A401278605
alif al barrak zaki,m,E8,Darmawangsa,2022,Owner,202204E801108719
sulistiyono,m,F12,Darmawangsa,2023,Owner,202304F1201296937
jekri wiralis,m,C20,Darmawangsa,2022,Owner,202204C2001148004
nirmanto,m,B20,Darmawangsa,2024,Owner,202404B2001268674
rasmini,m,C1,Darmawangsa,2023,Owner,202304C101147790
bejo hutanto,m,E5,Darmawangsa,2022,Rent,202204E502117549
desi tri astuti,m,C9,Darmawangsa,2022,Owner,202204C901139635
okta ionika,m,D20,Darmawangsa,2023,Owner,202304D2001277197
muhyidin,m,C5,Darmawangsa,2024,Rent,202404C502174563
meriyanti,m,E7,Darmawangsa,2023,Owner,202304E701884866
erna lestari,m,H19,Darmawangsa,2024,Owner,202404H1901142516
asef saifulloh,m,G5,Darmawangsa,2022,Owner,202204G501308149
jonianto,m,D26,Darmawangsa,2024,Owner,202404D2601331110
mujiati,m,C7,Darmawangsa,2023,Rent,202304C702113204
riko hari prasetyo,m,G18,Darmawangsa,2022,Owner,202204G1801173353
diva al farizky,m,C21,Darmawangsa,2022,Owner,202204C2101131088
parjo,m,H20,Darmawangsa,2022,Owner,202204H2001505193
rumsiyah,m,G1,Darmawangsa,2024,Owner,202404G101282721
dewi sumarni,m,A6,Darmawangsa,2022,Owner,202204A601160608
efi sulastri,m,G6,Darmawangsa,2022,Owner,202204G601297486
wagimun,m,D4,Darmawangsa,2022,Owner,202204D401287097
girah,m,A3,Darmawangsa,2023,Owner,202304A301887019
feni safitri,m,G11,Darmawangsa,2024,Owner,202404G1101322919
sumarno,m,H6,Darmawangsa,2023,Owner,202304H601186699
nurimah,m,H22,Darmawangsa,2024,Owner,202404H2201172626
noviana anggraeni,m,F2,Darmawangsa,2022,Owner,202204F201271209
aissyah dwi zhaskia,m,H11,Darmawangsa,2024,Owner,202404H1101244647
hariri,m,H4,Darmawangsa,2024,Owner,202404H401238752
ida budiani,m,B15,Darmawangsa,2022,Owner,202204B1501333159
rizki pratama,m,B24,Darmawangsa,2022,Rent,202204B2402683619
yanto,m,B22,Darmawangsa,2024,Owner,202404B2201148440
puji lestari,f,G14,Darmawangsa,2022,Owner,202204G1401291206
dewi wulan ningsih,f,G2,Darmawangsa,2022,Rent,202204G202152887
aril aji alania,m,H7,Darmawangsa,2024,Owner,202404H701171834
amalia chechy anggia,f,C6,Darmawangsa,2022,Rent,202204C602223288
suranto,m,A7,Darmawangsa,2023,Rent,202304A702905622
suprihatin,f,H25,Darmawangsa,2022,Owner,202204H2501185854
bangkit syuhada,m,A8,Darmawangsa,2022,Owner,202204A801315338
tri anindita aurellia,f,G9,Darmawangsa,2023,Owner,202304G901425924
kasturi,m,D7,Darmawangsa,2022,Owner,202204D701261460
epran,m,B3,Darmawangsa,2022,Owner,202204B301179861
suwarsih,f,H17,Darmawangsa,2022,Owner,202204H1701339447
dwi astika sari,f,B1,Darmawangsa,2024,Owner,202404B101303360
trio hamdani,m,H8,Darmawangsa,2024,Owner,202404H801186252
a. solikhin,m,H18,Darmawangsa,2023,Rent,202304H1802121540
sumiati,f,G16,Darmawangsa,2023,Owner,202304G1601313448
sugiat bagus hermawan,m,C12,Darmawangsa,2024,Owner,202404C1201315933
sukma liyana dewi,f,A2,Darmawangsa,2022,Owner,202204A201235672
dzul helmi affan ridho,m,E16,Darmawangsa,2024,Rent,202404E1602247621
nugroho,m,B9,Darmawangsa,2022,Owner,202204B901173219
kusriyati,f,A13,Darmawangsa,2024,Owner,202404A1301275391
vika apriliana n. a,f,D10,Darmawangsa,2024,Owner,202404D1001829653
bela octavia ramadani,f,C4,Darmawangsa,2023,Owner,202304C401113416
pri santoso,m,H23,Darmawangsa,2022,Owner,202204H2301759657
miyanto,m,E13,Darmawangsa,2022,Owner,202204E1301848777
samiyah,f,E1,Darmawangsa,2023,Owner,202304E101756498
wahyu pratama,m,H3,Darmawangsa,2024,Owner,202404H301954737
devina tria ananda,f,A12,Darmawangsa,2022,Owner,202204A1201201535
masruri,m,D1,Darmawangsa,2023,Owner,202304D101141035
siti romlah,f,C11,Darmawangsa,2024,Owner,202404C1101120516
ricky prayoga,m,F13,Darmawangsa,2024,Rent,202404F1302138965
shafa mutia nurhaliza,f,F10,Darmawangsa,2022,Owner,202204F1001167407
abdul malik,m,D24,Darmawangsa,2022,Owner,202204D2401714192
kardi,m,A9,Darmawangsa,2024,Owner,202404A901162794
sumini,f,B12,Darmawangsa,2024,Owner,202404B1201319750
andika saputra,m,A14,Darmawangsa,2023,Owner,202304A1401230276
habib hidayaturrohman,m,H14,Darmawangsa,2022,Owner,202204H1401266437
wiwik wulandari,f,E11,Darmawangsa,2022,Owner,202204E1101238248
m. souvil anam,m,D17,Darmawangsa,2022,Rent,202204D1702224691
anin khamidah,f,G3,Darmawangsa,2024,Owner,202404G301688096
diram,m,B2,Darmawangsa,2024,Rent,202404B202322370
muslimah,f,H5,Darmawangsa,2022,Owner,202204H501102478
eko kurniawan,m,A1,Darmawangsa,2022,Owner,202204A101183585
romadon nur hidayat,m,C15,Darmawangsa,2022,Owner,202204C1501285096
siti masliah,f,F5,Darmawangsa,2024,Rent,202404F502164267
tri adi eko lestanto,m,F15,Darmawangsa,2022,Owner,202204F1501120952
eva setia ningrum,f,E15,Darmawangsa,2022,Rent,202204E1502221383
suyono,m,D18,Darmawangsa,2022,Owner,202204D1801293350
nurtriana yuliastuti,f,D5,Darmawangsa,2023,Owner,202304D501193423
sazim saputra,m,F4,Darmawangsa,2023,Owner,202304F401153396
rozakiah,f,F16,Darmawangsa,2024,Owner,202404F1601237891
alifia yuliani,f,F17,Darmawangsa,2023,Owner,202304F1701944800
hamzah maulana,m,E10,Darmawangsa,2023,Owner,202304E1001625646
akbar maulana,m,D14,Darmawangsa,2024,Owner,202404D1401222944
supriyadi,m,G12,Darmawangsa,2022,Owner,202204G1201140324
supiyah,f,A17,Darmawangsa,2022,Owner,202204A1701305934
alfajar efendi,m,C17,Darmawangsa,2024,Owner,202404C1701189048
ahmad saprudin,m,F7,Darmawangsa,2024,Owner,202404F701387887
anwar sholeh,m,C3,Darmawangsa,2024,Owner,202404C301161984
umi muslimah,f,C16,Darmawangsa,2022,Owner,202204C1601627721
elisa anjani,f,G17,Darmawangsa,2022,Owner,202204G1701203205
meila nurhidayati,f,B5,Darmawangsa,2024,Owner,202404B501297795
santoso,m,B14,Darmawangsa,2024,Owner,202404B1401281974
tumi,f,A5,Darmawangsa,2023,Rent,202304A502155370
mira mustika,f,H1,Darmawangsa,2022,Rent,202204H102127990
edi suyoto,m,H12,Darmawangsa,2022,Owner,202204H1201214717
rikana nurmala desi,f,B11,Darmawangsa,2024,Owner,202404B1101150111
zidane dhevan pratama,m,B10,Darmawangsa,2022,Owner,202204B1001379337
mariyamah,f,B16,Darmawangsa,2024,Owner,202404B1601128953
setiawan,m,C8,Darmawangsa,2023,Owner,202304C801243624
sutiono,m,D23,Darmawangsa,2022,Owner,202204D2301330384
nurhayati,f,D2,Darmawangsa,2022,Owner,202204D201192978
oki aditia saputra,m,A15,Darmawangsa,2024,Owner,202404A1501408083
hendrio junior,m,F1,Darmawangsa,2022,Owner,202204F101231580
giatno,m,F11,Darmawangsa,2024,Owner,202404F1101151351
siti ngaisah,f,D11,Darmawangsa,2023,Owner,202304D1101972339
ahmad rasyid,m,A19,Darmawangsa,2024,Owner,202404A1901780993
gilang nur bekti,m,D16,Darmawangsa,2022,Owner,202204D1601588854
abas suyatno,m,A11,Darmawangsa,2023,Owner,202304A1101266245
kholipah,f,C19,Darmawangsa,2022,Owner,202204C1901257804
abdul kholik,m,D25,Darmawangsa,2024,Owner,202404D2501160865
dede adiyanto,m,B13,Darmawangsa,2023,Owner,202304B1301147196
handani nurul hidayah,f,H24,Darmawangsa,2022,Owner,202204H2401196089
mustofa,m,A18,Darmawangsa,2024,Owner,202404A1801142793
luhur gunawan,m,G10,Darmawangsa,2024,Owner,202404G1001304833
tri mandrasih,f,F6,Darmawangsa,2022,Owner,202204F601335078
manisem,f,B23,Darmawangsa,2023,Owner,202304B2301126887
r. widodo,m,D21,Darmawangsa,2024,Owner,202404D2101228615
ismanto,m,H2,Darmawangsa,2022,Owner,202204H201323800
tri lestari,f,E12,Darmawangsa,2022,Owner,202204E1201247964
kurniawan zam zami,m,C10,Darmawangsa,2023,Owner,202304C1001335689
raditia saputri,m,D3,Darmawangsa,2022,Owner,202204D301167570
mabruro,m,C13,Darmawangsa,2022,Owner,202204C1301250375
mukaromah,f,B17,Darmawangsa,2023,Rent,202304B1702291010
vina nailatul izzah,f,H10,Darmawangsa,2023,Owner,202304H1001113075
muhammad arwin,m,D13,Darmawangsa,2022,Owner,202204D1301150619
ulil amri,m,G8,Darmawangsa,2022,Owner,202204G801309306
nurul mubarokah,f,H21,Darmawangsa,2023,Owner,202304H2101895386
nurisya amara putri,f,G4,Darmawangsa,2022,Owner,202204G401182094
karno,m,A16,Darmawangsa,2024,Owner,202404A1601144037
asmunah,f,D9,Darmawangsa,2022,Owner,202204D901235040
danang wahyu ananda,m,B21,Darmawangsa,2023,Owner,202304B2101152066
syamsul huda,m,E6,Darmawangsa,2022,Owner,202204E601281692
tumirah,f,A10,Darmawangsa,2022,Rent,202204A1002318087
nur qasanah,f,G7,Darmawangsa,2024,Rent,202404G702168896
andika dwi pangestu,m,D8,Darmawangsa,2023,Owner,202304D801591748
mhd. yunus,m,G13,Darmawangsa,2024,Owner,202404G1301180583
juminah,f,D12,Darmawangsa,2023,Owner,202304D1201191989
dwi yuliani,f,B7,Darmawangsa,2024,Owner,202404B701245270
chyndi erliani,f,D22,Darmawangsa,2022,Owner,202204D2201110048
eka putra,m,E2,Darmawangsa,2024,Owner,202404E201198430
sri martini,f,E9,Darmawangsa,2024,Owner,202404E901328743
fadilla rahmadani,f,C14,Darmawangsa,2024,Owner,202404C1401481177
ananda reyhan pradipta,m,F14,Darmawangsa,2022,Owner,202204F1401319546
masinah,f,E14,Darmawangsa,2024,Owner,202404E1401224636
d. maulana,m,B18,Darmawangsa,2024,Owner,202404B1801254349
kasri,m,B6,Darmawangsa,2022,Owner,202204B601171832
salami,f,H16,Darmawangsa,2022,Owner,202204H1601103639
eko rudiyanto,m,E3,Darmawangsa,2024,Owner,202404E301281793
desi susanti,f,D15,Darmawangsa,2024,Owner,202404D1501118793
hafizhan shidqi,m,C14,Kemayoran,2022,Owner,202201C1401853179
gandhi wibowo,m,F6,Kemayoran,2024,Owner,202401F601359754
aldio mahendra purwandrarto,m,E2,Kemayoran,2024,Owner,202401E201297920
benny putra,m,F14,Kemayoran,2024,Owner,202401F1401235688
vicky vernando dasta,m,G3,Kemayoran,2024,Owner,202401G301101004
jufianto henri,m,C8,Kemayoran,2022,Owner,202201C801317909
aan nuraini,f,A2,Kemayoran,2024,Owner,202401A201191724
abdur rahman,m,F3,Kemayoran,2023,Owner,202301F301188942
abdurrahman,m,D12,Kemayoran,2024,Owner,202401D1201107894
ade indra sukma,f,C12,Kemayoran,2022,Rent,202201C1202809227
ade irmayani,f,A12,Kemayoran,2022,Owner,202201A1201426948
bakti yoga fiyandana,m,B1,Kemayoran,2024,Rent,202401B102234701
daniel sepra fatama,m,D5,Kemayoran,2023,Rent,202301D502974343
dayu m sandro,m,F8,Kemayoran,2023,Owner,202301F801276693
dean mareti hariani,f,E8,Kemayoran,2024,Owner,202401E801252445
edi kurniawan wibowo,m,F1,Kemayoran,2022,Rent,202201F102790146
fadil rahmat andini,m,C15,Kemayoran,2022,Owner,202201C1501199660
fahmi iqbal firmananda,m,E10,Kemayoran,2024,Owner,202401E1001106670
fairuzi,m,C7,Kemayoran,2023,Owner,202301C701179134
gustian,m,A8,Kemayoran,2023,Owner,202301A801904281
habil sabilla do'a,f,B17,Kemayoran,2024,Owner,202401B1701109505
hermawan syah,m,F2,Kemayoran,2024,Owner,202401F201202238
ibnuyohanzah ahmad,m,G2,Kemayoran,2022,Rent,202201G202541683
lia pertiwi,f,D1,Kemayoran,2022,Owner,202201D101158382
muhammad maksum sugondo,m,F12,Kemayoran,2024,Owner,202401F1201779217
muhammad risfandanu,m,B6,Kemayoran,2022,Owner,202201B601106424
adnil riza,m,G8,Kemayoran,2024,Owner,202401G801179356
nadia gustiana,f,C2,Kemayoran,2023,Owner,202301C201982309
nanda aditya,f,B7,Kemayoran,2024,Owner,202401B701695024
nurgivo alfajri,m,F9,Kemayoran,2022,Rent,202201F902905924
pita irul sayekti,f,E9,Kemayoran,2024,Owner,202401E901143075
rahmadi gusri,m,D6,Kemayoran,2024,Owner,202401D601653378
rahmat,m,B12,Kemayoran,2022,Owner,202201B1201113844
sadra wilis,f,B13,Kemayoran,2023,Owner,202301B1301213627
said rio apriadi,m,B2,Kemayoran,2023,Owner,202301B201546846
tania rahmadhini,f,G4,Kemayoran,2022,Owner,202201G401244245
tarikhul mahfudz,m,G13,Kemayoran,2022,Owner,202201G1301253610
vido idramedi,m,B10,Kemayoran,2022,Owner,202201B1001207358
wahyu darmawan,m,D7,Kemayoran,2022,Rent,202201D702362677
yana famana,f,G10,Kemayoran,2022,Owner,202201G1001608779
yusrika dewi,f,G7,Kemayoran,2024,Owner,202401G701246853
zakiah nurviani,f,C4,Kemayoran,2024,Owner,202401C401326861
aditya dwi nugraha,m,A15,Kemayoran,2023,Rent,202301A1502183388
afrian djugi,m,F7,Kemayoran,2022,Owner,202201F701108260
debby jayadi nugroho,m,G9,Kemayoran,2023,Owner,202301G901113940
dede dwi arviyanti,f,E1,Kemayoran,2024,Owner,202401E101318264
della maulina herianda,f,D3,Kemayoran,2024,Owner,202401D301150783
deny gustriansyah,m,B11,Kemayoran,2024,Owner,202401B1101243838
desi fitri,f,C6,Kemayoran,2023,Owner,202301C601327311
edmund andriano,m,G12,Kemayoran,2024,Owner,202401G1201334212
fajar aulia rahman,m,A5,Kemayoran,2024,Owner,202401A501146235
fathiya hasyifah sibarani,m,A9,Kemayoran,2022,Owner,202201A901507026
fauzar,m,F15,Kemayoran,2023,Rent,202301F1502154785
habzer maisera,m,A1,Kemayoran,2024,Rent,202401A102228816
herzavina,f,F11,Kemayoran,2022,Owner,202201F1101221815
ikbal gazalba,m,F13,Kemayoran,2024,Owner,202401F1301173506
ikhsan firdaus,m,C11,Kemayoran,2024,Owner,202401C1101107649
ilda ikhwana lubis,f,C10,Kemayoran,2023,Rent,202301C1002133645
jayus suryawan,m,D11,Kemayoran,2024,Owner,202401D1101627363
muhammad bagoes samaron,m,A11,Kemayoran,2024,Owner,202401A1101190007
muhammad hanafi,m,D8,Kemayoran,2023,Owner,202301D801308666
muhammad ilham akbar khoiri,m,A6,Kemayoran,2024,Owner,202401A601280325
narendra benny,m,E3,Kemayoran,2024,Owner,202401E301225335
naufal abiyyu,m,G1,Kemayoran,2023,Rent,202301G102216110
nurhikmah,f,D13,Kemayoran,2022,Owner,202201D1301145223
fadana bagus harsono,m,G5,Kemayoran,2023,Owner,202301G501200667
rahmi omya ulta,f,B9,Kemayoran,2023,Owner,202301B901146591
rahmi septhianingrum,f,D2,Kemayoran,2024,Owner,202401D201540929
rangga arief putra,m,B8,Kemayoran,2024,Owner,202401B801179872
rangga dwi nugrawan,m,G14,Kemayoran,2022,Owner,202201G1401719738
saiful wahyudi,m,A10,Kemayoran,2023,Owner,202301A1001253569
sari devia agustina,f,A7,Kemayoran,2024,Owner,202401A701148881
taufik oktafiyardi,m,C5,Kemayoran,2024,Owner,202401C501122022
teddy franwijaya,m,E6,Kemayoran,2024,Owner,202401E601136387
vigo farlandi,m,A4,Kemayoran,2023,Owner,202301A401642809
wahyu ernu setiawan,m,C13,Kemayoran,2024,Rent,202401C1302208095
yofaldi laksmana putra,m,E5,Kemayoran,2024,Owner,202401E501110403
zubaidah,f,B3,Kemayoran,2023,Owner,202301B301224486
agus faturrahman,m,C3,Kemayoran,2024,Owner,202401C301167805
agustiando rahmat,m,D9,Kemayoran,2023,Owner,202301D901176102
aidil badri,m,B14,Kemayoran,2022,Owner,202201B1401850401
alfajri,m,C9,Kemayoran,2022,Owner,202201C901322212
bayu hasan basyir aljawi,m,F10,Kemayoran,2022,Owner,202201F1001217139
desi fransiska,f,D10,Kemayoran,2024,Owner,202401D1001284240
desnando,m,B15,Kemayoran,2024,Owner,202401B1501205318
desri ardika,m,G6,Kemayoran,2024,Owner,202401G601112118
dessy masdianata p,f,A3,Kemayoran,2022,Owner,202201A301108298
destria membrane,f,B16,Kemayoran,2022,Owner,202201B1601123726
eka nur safitri,f,G11,Kemayoran,2024,Owner,202401G1101107053
fauziah,f,E7,Kemayoran,2022,Owner,202201E701491693
feny afrisilia,f,D4,Kemayoran,2022,Owner,202201D401300318
hesty afriani srg,f,F5,Kemayoran,2022,Owner,202201F501115170
ilham afandi aziz,m,B5,Kemayoran,2024,Owner,202401B501203099
ilham fajri,m,F4,Kemayoran,2024,Owner,202401F401167127
indah permata sari,f,G15,Kemayoran,2022,Owner,202201G1501107924
jukhri syahputra,m,B4,Kemayoran,2024,Owner,202401B401149207
m. muawam,m,A13,Kemayoran,2022,Owner,202201A1301288974
m. yassir saputra jamina,m,E4,Kemayoran,2022,Rent,202201E402758418
mardiyyat fadliellah,m,C1,Kemayoran,2022,Owner,202201C101288165
mukhtar lutfi,m,A14,Kemayoran,2022,Rent,202201A1402124801
neni anggraeni dalimunthe,f,A2,Menteng,2024,Owner,202402A201239827
nurpauliani dewi n,f,C7,Menteng,2022,Owner,202202C701229873
rano abdul rahman,m,D13,Menteng,2022,Owner,202202D1301552394
ratih purwasih,f,A17,Menteng,2024,Owner,202402A1701120005
raynaldi setiawan,m,E3,Menteng,2023,Rent,202302E302100388
shynta dwi afitri,f,C17,Menteng,2024,Owner,202402C1701143547
siti romlah,f,C8,Menteng,2024,Owner,202402C801265119
teresno maulana,m,F13,Menteng,2023,Rent,202302F1302195246
tessa eka fatiwi,f,D16,Menteng,2024,Owner,202402D1601872975
wendi gusfan hutapea,m,D1,Menteng,2022,Owner,202202D101962373
yovita sari,f,C12,Menteng,2022,Owner,202202C1201172437
zukri adinalta,m,E5,Menteng,2024,Rent,202402E502319942
alfi sahri,m,F11,Menteng,2022,Owner,202202F1101424127
amalia wulandari,f,D15,Menteng,2024,Owner,202402D1501209193
amelia novrida,f,D11,Menteng,2024,Owner,202402D1101596820
andre ganda wilaga putra,m,C5,Menteng,2022,Owner,202202C501800334
andre oktora,m,A1,Menteng,2024,Owner,202402A101166842
benni setiawan,m,A9,Menteng,2022,Owner,202202A901138368
deswanto,m,A7,Menteng,2022,Owner,202202A701333112
desy syahputri,f,E6,Menteng,2022,Owner,202202E601336341
eka wulandari,f,F15,Menteng,2024,Rent,202402F1502224143
ferry ramadhan,m,D9,Menteng,2023,Owner,202302D901324382
firdaus,m,B17,Menteng,2023,Owner,202302B1701328116
hamdani asril,m,A3,Menteng,2023,Owner,202302A301633979
hijrah syahputra,m,C6,Menteng,2023,Owner,202302C601298963
indah rahmawati,f,B6,Menteng,2022,Owner,202202B601299496
indra firman,m,B9,Menteng,2024,Owner,202402B901239731
indri dian pertiwi,m,C10,Menteng,2022,Owner,202202C1001505919
kemal pasha,m,C9,Menteng,2024,Owner,202402C901126143
muhammad sayuti nur nasution,m,D2,Menteng,2024,Rent,202402D202265966
miftahur ridho,m,B8,Menteng,2024,Owner,202402B801115149
mila yuli yanti,f,C18,Menteng,2024,Owner,202402C1801132090
muhammad wendi hidayat,m,E2,Menteng,2022,Owner,202202E201297512
nikawati,f,E1,Menteng,2024,Owner,202402E101356311
nofan widiyarna,m,D6,Menteng,2024,Owner,202402D601307858
nurudin rahman,m,E10,Menteng,2024,Owner,202402E1001179160
puji astuti,f,B5,Menteng,2022,Owner,202202B501290772
refi delia,f,E13,Menteng,2023,Owner,202302E1301521228
reno mulia sari,f,D3,Menteng,2022,Rent,202202D302657812
resa putri ananda,f,A18,Menteng,2023,Owner,202302A1801927507
resi septiani,f,B16,Menteng,2024,Owner,202402B1601131742
rudi kurniawan,m,F12,Menteng,2024,Owner,202402F1201315533
siti zulaiha,f,E9,Menteng,2024,Owner,202402E901163144
sry dhina pohan,f,A15,Menteng,2022,Owner,202202A1501230829
thovanni jogga,m,B10,Menteng,2023,Owner,202302B1001129721
tian fitra kurniawan,m,C15,Menteng,2023,Rent,202302C1502813393
widya ayu azhari,f,A12,Menteng,2024,Owner,202402A1201241707
yudiatma adrion,m,F1,Menteng,2023,Owner,202302F101968479
zukri rahman,m,D8,Menteng,2024,Owner,202402D801748886
andre saputra,m,C11,Menteng,2024,Rent,202402C1102254400
andrianto,m,B2,Menteng,2024,Owner,202402B201317470
andryan dwi cahyono,m,A6,Menteng,2022,Rent,202202A602207641
angga wiratama,m,B1,Menteng,2024,Owner,202402B101938680
anggi desmita arini,f,F2,Menteng,2023,Owner,202302F201244676
dewi cita rani,f,C14,Menteng,2023,Owner,202302C1401466789
dewi kartika sari,f,F9,Menteng,2023,Owner,202302F901987448
dewi shinta octariati,f,D14,Menteng,2022,Owner,202202D1401138938
firdaus,m,B3,Menteng,2022,Rent,202202B302731350
fitra andri gunawan,f,C1,Menteng,2022,Rent,202202C102223243
indriani saritsha,f,C22,Menteng,2022,Owner,202202C2201217456
inggar wangi r,f,D12,Menteng,2024,Owner,202402D1201767228
mira afriani,f,E12,Menteng,2024,Owner,202402E1201290167
muhammad adri,m,A19,Menteng,2024,Owner,202402A1901159184
muhammad alayyubi,m,A5,Menteng,2022,Owner,202202A501223919
nony chrisnayanti,f,E4,Menteng,2024,Owner,202402E401651754
nora ferwati,f,A8,Menteng,2023,Owner,202302A801305305
nurul gayatri indah reza,f,A10,Menteng,2022,Rent,202202A1002110304
benny yohanes,m,C19,Menteng,2023,Owner,202302C1901335849
elennuari,f,B7,Menteng,2022,Owner,202202B701240388
harika vaizal,m,D20,Menteng,2024,Owner,202402D2001152626
hildayanti oktaviana,f,E7,Menteng,2022,Owner,202202E701236217
khairul fahmi purba,m,A11,Menteng,2022,Owner,202202A1101302656
muhammad triyoga sp,m,F8,Menteng,2022,Rent,202202F802987140
putri lia lestari,f,F5,Menteng,2024,Owner,202402F501168754
resti yulia,f,C13,Menteng,2022,Owner,202202C1301286491
reysa hastarimasuci,f,D7,Menteng,2024,Owner,202402D701299670
reza fahlevi,m,D10,Menteng,2024,Owner,202402D1001178925
rhesma naca,f,A4,Menteng,2023,Owner,202302A401113504
rudi wijaya,m,F7,Menteng,2024,Owner,202402F701162485
suci fahma julia,f,C20,Menteng,2024,Owner,202402C2001275678
suci hijryani fitry,f,B14,Menteng,2022,Owner,202202B1401226233
tika handayani asnur,f,E11,Menteng,2024,Rent,202402E1102128092
tio doli raharjo,m,B12,Menteng,2024,Owner,202402B1201279945
winda wahyuti,f,B4,Menteng,2022,Owner,202202B401384147
yulia ningsih,f,F6,Menteng,2022,Rent,202202F602305637
anggia anfina,f,C21,Menteng,2022,Owner,202202C2101117723
anita pauzia hsb,f,A14,Menteng,2023,Owner,202302A1401622676
annisa julita sari,f,C23,Menteng,2023,Owner,202302C2301320839
boby adi oktarino,m,C16,Menteng,2022,Owner,202202C1601195229
dias marzal fatama,m,D17,Menteng,2022,Owner,202202D1701182164
dicky mahendra,m,D21,Menteng,2024,Owner,202402D2101203838
dika aristya linardi,m,C3,Menteng,2022,Owner,202202C301290842
elvi suryani,f,A13,Menteng,2022,Owner,202202A1301127511
fitra miswardi,f,C2,Menteng,2022,Owner,202202C201250005
fitri meldiani,f,E14,Menteng,2024,Owner,202402E1401327550
husnul habib,m,F14,Menteng,2022,Rent,202202F1402326018
irfani dwi ayu riski,f,D5,Menteng,2022,Owner,202202D501219378
irpandi kurniawan,m,F10,Menteng,2022,Owner,202202F1001197538
kurniawan eka putra,m,D18,Menteng,2024,Owner,202402D1801213034
muhammad asri wisnu wardana,m,F4,Menteng,2022,Rent,202202F402101679
muhammad audi reza islami,m,D4,Menteng,2024,Rent,202402D402143678
muhammad azmeer,m,B13,Menteng,2022,Owner,202202B1301492479
muhammad thoha,m,A16,Menteng,2024,Owner,202402A1601308211
novi gustiana,f,D19,Menteng,2023,Owner,202302D1901106684
novia kumala sari,f,F16,Menteng,2024,Owner,202402F1601271253
padli nofrizal,m,C24,Menteng,2022,Rent,202202C2402312923
putri wahyuni,f,B11,Menteng,2022,Owner,202202B1101246542
rahmat hidayat,m,B15,Menteng,2024,Owner,202402B1501327618
rahmi andreni,f,C4,Menteng,2024,Owner,202402C401424971
rian aries fani,m,F3,Menteng,2022,Owner,202202F301263245
riandi selvi,m,E8,Menteng,2022,Owner,202202E801189745
astriyah,f,F12,Senayan,2022,Owner,202205F1201285985
ikhsan amirrudin,m,E13,Senayan,2023,Owner,202305E1301295371
edi susanto,m,D26,Senayan,2022,Owner,202205D2601280272
riswanto,m,A7,Senayan,2023,Owner,202305A701116633
suwanter,m,E16,Senayan,2022,Owner,202205E1601109221
sutarsih,f,G13,Senayan,2022,Rent,202205G1302218270
eti nurcahyani,f,D24,Senayan,2024,Owner,202405D2401218543
eni dwi sundari,f,C8,Senayan,2023,Owner,202305C801166506
sanmiadi watimin,m,A19,Senayan,2022,Rent,202205A1902132188
sakiyah,f,F11,Senayan,2024,Owner,202405F1101100006
ahmad soleh,m,G11,Senayan,2024,Owner,202405G1101135940
nurfajri,m,D13,Senayan,2024,Owner,202405D1301942024
sri kasanah,f,E6,Senayan,2024,Owner,202405E601225422
fauzan nuril kafa,m,B1,Senayan,2022,Owner,202205B101264950
irhamsyah,m,E19,Senayan,2023,Owner,202305E1901143096
sri yanti,f,E18,Senayan,2024,Owner,202405E1801312459
syaira nada clarissa,f,E21,Senayan,2024,Owner,202405E2101107242
faisal,m,E1,Senayan,2024,Owner,202405E101509831
meysa nasa,f,E14,Senayan,2022,Rent,202205E1402246535
eram,m,B13,Senayan,2023,Owner,202305B1301190727
khotijah,f,A18,Senayan,2023,Rent,202305A1802852992
era satiti,f,G12,Senayan,2022,Rent,202205G1202279697
rina pangastuti,f,A11,Senayan,2024,Owner,202405A1101349923
kasman rasim,m,E8,Senayan,2022,Owner,202205E801236358
marsiti,f,D29,Senayan,2024,Owner,202405D2901241198
susi lestari,f,D25,Senayan,2022,Owner,202205D2501144382
narjam,m,D27,Senayan,2022,Owner,202205D2701175617
tumiati,f,G14,Senayan,2024,Owner,202405G1401159917
wahyu iswan arif,m,D14,Senayan,2024,Rent,202405D1402221098
ihwanul muslimin,m,B7,Senayan,2022,Owner,202205B701776582
chomsin,m,A16,Senayan,2022,Owner,202205A1601283628
mutingah,f,C2,Senayan,2024,Owner,202405C201742307
muhammad khoiron,m,F16,Senayan,2022,Owner,202205F1601256348
zen mahrom,m,F14,Senayan,2022,Rent,202205F1402314072
m. husmudin,m,F1,Senayan,2024,Owner,202405F101738229
siti nur azijah,f,D15,Senayan,2023,Rent,202305D1502256196
agus sugianto,m,F15,Senayan,2022,Owner,202205F1501284189
siti umayah,f,G8,Senayan,2022,Owner,202205G801109789
soni haji rifa'i,m,G1,Senayan,2024,Owner,202405G101900114
munib alwi abdurohman,m,E15,Senayan,2024,Owner,202405E1501336632
aliyatul mu'afa,f,F4,Senayan,2023,Owner,202305F401134483
hasim as'ari,m,D28,Senayan,2022,Owner,202205D2801832921
fathi nur sidiq,m,C5,Senayan,2022,Owner,202205C501321139
misdianto,m,G3,Senayan,2024,Owner,202405G301318301
nopriyadi,m,E10,Senayan,2022,Owner,202205E1001361193
ahmad thoyib,m,A15,Senayan,2022,Rent,202205A1502216446
agus ismail,m,G6,Senayan,2022,Rent,202205G602366386
nafiudin,m,G2,Senayan,2022,Owner,202205G201787901
naimatul masruboh,f,G16,Senayan,2022,Owner,202205G1601222543
siti arifatul fu'adah,f,A12,Senayan,2022,Owner,202205A1201200089
suendik,m,E11,Senayan,2022,Owner,202205E1101186690
wiwin herlina,f,B3,Senayan,2024,Owner,202405B301740155
saputra,m,B5,Senayan,2024,Owner,202405B501315121
romi endika,m,G15,Senayan,2024,Owner,202405G1501196476
imam subaweh,m,B10,Senayan,2022,Owner,202205B1001253528
iswatun chasanah,f,G10,Senayan,2022,Rent,202205G1002295821
imam turmudzi,m,G4,Senayan,2022,Rent,202205G402280480
nailul muflihah,f,D6,Senayan,2022,Owner,202205D601850713
komarudin,m,D17,Senayan,2023,Owner,202305D1701234031
agus riyanto,m,B15,Senayan,2023,Owner,202305B1501329570
m. muhsin as ari,m,E5,Senayan,2024,Owner,202405E501623818
indah kurnia sari,f,D11,Senayan,2022,Owner,202205D1101531840
mukhammad 'ainurrido,m,E4,Senayan,2024,Owner,202405E401207239
imron mahmudi,m,D19,Senayan,2022,Owner,202205D1901102592
sumarno,m,A4,Senayan,2023,Owner,202305A401283221
siti khasana,f,A3,Senayan,2022,Owner,202205A301113441
muhammad alfaqih,m,E9,Senayan,2022,Owner,202205E901197032
wagiyo,m,C3,Senayan,2024,Rent,202405C302446920
widi yanti,f,C7,Senayan,2024,Owner,202405C701140964
fitria lestari,f,F3,Senayan,2022,Owner,202205F301332759
muji astuti,f,B8,Senayan,2022,Owner,202205B801111631
nurdiana saputri,f,A17,Senayan,2022,Owner,202205A1701526396
saim,m,A1,Senayan,2023,Owner,202305A101308240
supingatun,f,E2,Senayan,2024,Rent,202405E202112760
indra yani,f,E17,Senayan,2022,Owner,202205E1701140408
munawaroh,f,D10,Senayan,2022,Owner,202205D1001560152
sanadi saleh,m,G17,Senayan,2024,Owner,202405G1701145656
musaadah,f,D16,Senayan,2023,Owner,202305D1601150735
jurianto,m,A8,Senayan,2024,Rent,202405A802133750
sri wahyuni,f,D20,Senayan,2024,Rent,202405D2002141807
pratama ade kurniawan,m,F9,Senayan,2024,Owner,202405F901292073
erianto,m,D23,Senayan,2024,Rent,202405D2302117470
tuti rahayu,f,D3,Senayan,2022,Owner,202205D301288532
apri ayu angelica,f,C10,Senayan,2022,Owner,202205C1001480756
muhammad rizky aprianto,m,A5,Senayan,2024,Owner,202405A501461539
ahmad zainuri,m,D21,Senayan,2022,Owner,202205D2101461062
ari sarianto,m,F2,Senayan,2023,Owner,202305F201111697
hasyim asy'ari,m,F13,Senayan,2022,Owner,202205F1301207251
suritno,m,C14,Senayan,2024,Owner,202405C1401265608
susanti,f,B14,Senayan,2023,Rent,202305B1402169207
m. sarengat,m,G18,Senayan,2024,Rent,202405G1802152074
sumari,m,A6,Senayan,2023,Owner,202305A601188975
suminten,f,B2,Senayan,2022,Owner,202205B201199793
susi susanti,f,B16,Senayan,2024,Owner,202405B1601121577
bagus suryanto,m,G9,Senayan,2023,Owner,202305G901277825
umi naviah,f,G7,Senayan,2023,Owner,202305G701174259
aqra nabiha anindita,f,E20,Senayan,2023,Owner,202305E2001336624
mursino,m,C1,Senayan,2023,Owner,202305C101495013
kasyani,f,F8,Senayan,2022,Rent,202205F802178239
m. arif harfiyanto,m,F5,Senayan,2024,Owner,202405F501327312
novia nurhayati,f,C11,Senayan,2023,Owner,202305C1101330232
mansyur,m,C6,Senayan,2023,Owner,202305C601277661
giarsih,f,C4,Senayan,2024,Owner,202405C401119285
viki kumala putri,f,A9,Senayan,2022,Owner,202205A901273746
vika kumala putri,f,F6,Senayan,2024,Rent,202405F602312162
muhamat saiful safi'i,m,D7,Senayan,2022,Owner,202205D701240051
warsini,f,D18,Senayan,2023,Owner,202305D1801316217
dimaz reza ramadhan,m,B17,Senayan,2024,Owner,202405B1701321590
miseri,m,D9,Senayan,2023,Rent,202305D902220197
wartinah,f,B12,Senayan,2022,Owner,202205B1201263787
agus nuryanto,m,C13,Senayan,2024,Owner,202405C1301493744
syahrul widianto,m,A10,Senayan,2024,Owner,202405A1001116809
alif ardana,m,F17,Senayan,2024,Rent,202405F1702232944
mujianto,m,B6,Senayan,2022,Owner,202205B601145862
puji astuti,f,C9,Senayan,2022,Owner,202205C901167922
ahmad aji supriono,m,E3,Senayan,2023,Owner,202305E301366610
rifa'i dwi cahyo,m,D8,Senayan,2022,Owner,202205D801632854
ayla amelia nur,f,D12,Senayan,2023,Owner,202305D1201575549
karmidi,m,A14,Senayan,2023,Owner,202305A1401246523
wilmaini,f,A13,Senayan,2024,Owner,202405A1301163228
debyo widya anggara,m,F10,Senayan,2024,Owner,202405F1001240087
silvi widya pangesti,f,D22,Senayan,2022,Rent,202205D2202159875
auliya nur syahidah,f,B11,Senayan,2024,Owner,202405B1101324358
azzah rotun nisa almufidah,f,E7,Senayan,2023,Owner,202305E701166824
sariman,m,B4,Senayan,2022,Owner,202205B401648434
parni,f,D2,Senayan,2022,Owner,202205D201232212
haspar sutedi,m,C12,Senayan,2022,Owner,202205C1201237014
sudarmi,f,D1,Senayan,2024,Owner,202405D101234747
suparno,m,F7,Senayan,2024,Owner,202405F701297344
dewi fitria,f,G5,Senayan,2022,Owner,202205G501188148
hadista nadratul zanah,f,E12,Senayan,2022,Owner,202205E1201125278
rafkan djovanka al fariz,m,A20,Senayan,2023,Owner,202305A2001271174
volint,m,D5,Senayan,2024,Rent,202405D502112396
sri natalia,f,B18,Senayan,2024,Owner,202405B1801142744
virly karista balqis,f,A2,Senayan,2024,Owner,202405A201105583
wasyaraffa al hafiz,m,B9,Senayan,2022,Owner,202205B901102355
nur sodik,m,D4,Senayan,2024,Owner,202405D401187664
nadhirotul khusniah,f,C2,Thamrin,2022,Rent,202206C202130077
dewi masitoh,f,D29,Thamrin,2022,Owner,202206D2901210426
ach. moehaimin alwi,m,E17,Thamrin,2022,Rent,202206E1702128836
siti aisyah,f,E9,Thamrin,2022,Owner,202206E901169493
muhammad faizin alwi,m,A2,Thamrin,2024,Owner,202406A201144730
sarno,m,A6,Thamrin,2023,Owner,202306A601106544
giyem,f,A5,Thamrin,2023,Owner,202306A501336471
siti khasanah,f,D7,Thamrin,2022,Rent,202206D702780727
andrianto,m,C1,Thamrin,2022,Owner,202206C101559067
tri purwanti,f,E6,Thamrin,2024,Rent,202406E602319818
fajri syahdan naufal,m,B9,Thamrin,2022,Owner,202206B901124420
wahidi,m,E16,Thamrin,2024,Owner,202406E1601259473
jasiah,f,A15,Thamrin,2022,Owner,202206A1501283043
eliyuswisnawaty,f,D10,Thamrin,2023,Owner,202306D1001176872
sukijan,m,A11,Thamrin,2022,Rent,202206A1102254803
sudarmi,f,E13,Thamrin,2024,Owner,202406E1301239003
siti zaenap,f,B4,Thamrin,2022,Owner,202206B401226126
sodikin,m,F8,Thamrin,2024,Owner,202406F801229024
mas' ud,m,D27,Thamrin,2024,Rent,202406D2702336165
sutinem,f,E18,Thamrin,2024,Owner,202406E1801595594
ahmad safi'i,m,D18,Thamrin,2024,Owner,202406D1801201195
habibi nurrohim,m,D15,Thamrin,2024,Owner,202406D1501233222
sulasikin nasukah,f,E14,Thamrin,2024,Owner,202406E1401186634
jamilatun azizah,f,B11,Thamrin,2023,Owner,202306B1101122700
suparlan,m,C8,Thamrin,2023,Owner,202306C801324025
sulastri,f,A7,Thamrin,2022,Owner,202206A701138450
widyo wati,f,D13,Thamrin,2024,Owner,202406D1301203708
wiwit widia wati,f,F12,Thamrin,2022,Owner,202206F1201303738
wulandari,f,D12,Thamrin,2022,Owner,202206D1201923432
kirno yudi,m,E19,Thamrin,2024,Owner,202406E1901234715
lilik mujiati,f,A3,Thamrin,2024,Owner,202406A301778260
shofiyyatun dzakiroh,f,D20,Thamrin,2023,Owner,202306D2001184176
wulan maratussholikha,f,E1,Thamrin,2024,Rent,202406E102237069
aris tiono,m,E15,Thamrin,2022,Rent,202206E1502287930
sitti julaeha,f,C5,Thamrin,2024,Owner,202406C501192063
ibnu mirza hamizan alfaeyza,m,E2,Thamrin,2022,Owner,202206E201339961
apri hantoro,m,C4,Thamrin,2022,Owner,202206C401350998
suratman,m,D8,Thamrin,2022,Owner,202206D801254703
mucharomatun,f,E7,Thamrin,2022,Owner,202206E701171270
rensy herwinda,f,D5,Thamrin,2022,Owner,202206D501839185
sukarmin,m,A8,Thamrin,2022,Rent,202206A802223259
saniri,f,B17,Thamrin,2024,Owner,202406B1701679487
firda ramadan,m,D26,Thamrin,2022,Owner,202206D2601316002
fauzi hidayat,m,A12,Thamrin,2024,Owner,202406A1201167551
ahmad suyadi,m,C9,Thamrin,2024,Owner,202406C901313408
nuriah,f,A13,Thamrin,2022,Owner,202206A1301465933
irma lestari,f,D23,Thamrin,2022,Rent,202206D2302190663
nur kholifah,f,A9,Thamrin,2022,Owner,202206A901269732
muhammad abdul rohman,m,A20,Thamrin,2024,Owner,202406A2001143554
yendra putra,m,F9,Thamrin,2022,Owner,202206F901264793
reni sriyati,f,F11,Thamrin,2022,Rent,202206F1102132096
rudi saputra,m,E12,Thamrin,2024,Owner,202406E1201136649
ervi lidya wati,f,B15,Thamrin,2022,Rent,202206B1502254951
agus setiawan,m,D11,Thamrin,2022,Owner,202206D1101114395
tesa rismiani,f,E21,Thamrin,2024,Owner,202406E2101215629
ellenna yuliani putri. s,f,E11,Thamrin,2023,Owner,202306E1101201702
saiman,m,B13,Thamrin,2022,Rent,202206B1302154200
surti,f,E10,Thamrin,2023,Owner,202306E1001202558
pirawati,f,A17,Thamrin,2024,Owner,202406A1701251650
triani,f,A16,Thamrin,2022,Owner,202206A1601925302
darma sahputra,m,E20,Thamrin,2022,Owner,202206E2001801822
supriani,f,C14,Thamrin,2024,Owner,202406C1401172450
rhamasya damar,m,D25,Thamrin,2024,Owner,202406D2501255607
supratman,m,D1,Thamrin,2022,Rent,202206D102117970
nanang mujahid,m,B12,Thamrin,2024,Owner,202406B1201104445
siti imaroh,f,F3,Thamrin,2023,Owner,202306F301272813
rizal kurniawan,m,D16,Thamrin,2022,Owner,202206D1601169629
nur laila,f,C12,Thamrin,2023,Owner,202306C1201110502
hamdan muzakir,m,F5,Thamrin,2024,Rent,202406F502120811
hadi mardiansah,m,B8,Thamrin,2022,Owner,202206B801308195
aziz,m,F10,Thamrin,2024,Owner,202406F1001214014
suyoto,m,B6,Thamrin,2022,Owner,202206B601226954
binar,f,B5,Thamrin,2024,Owner,202406B501144336
alek susanto,m,F1,Thamrin,2022,Owner,202206F101329788
aris setianto,m,A14,Thamrin,2022,Owner,202206A1401338695
siti zaenab,f,B2,Thamrin,2022,Owner,202206B201218297
teguh adi wijaya,m,D2,Thamrin,2024,Owner,202406D201148732
suwarmin,m,F13,Thamrin,2022,Rent,202206F1302338233
wulandari,f,A19,Thamrin,2024,Owner,202406A1901177085
iqbal akbar ghofur,m,C3,Thamrin,2023,Rent,202306C302955398
mardani satra,m,E8,Thamrin,2022,Owner,202206E801280652
fitria wulandari,f,D28,Thamrin,2024,Owner,202406D2801403533
bastiur,m,F4,Thamrin,2024,Owner,202406F401113300
endah susanti,f,C7,Thamrin,2022,Owner,202206C701571492
olivvia febby santika,f,C10,Thamrin,2022,Owner,202206C1001297572
al hakim januario barens,m,B16,Thamrin,2023,Owner,202306B1601181587
amal fatullah,m,C11,Thamrin,2023,Owner,202306C1101653287
ayu kusmini,f,D22,Thamrin,2023,Owner,202306D2201203796
yusman,m,D9,Thamrin,2022,Owner,202206D901196388
alfia santi sahputri,f,A18,Thamrin,2024,Owner,202406A1801210953
waluyo,m,D3,Thamrin,2023,Owner,202306D301735124
nuraini,f,D19,Thamrin,2024,Owner,202406D1901170712
madha leli,f,D24,Thamrin,2022,Owner,202206D2401226968
rudianto,m,B3,Thamrin,2022,Owner,202206B301294309
istiani,f,E4,Thamrin,2022,Owner,202206E401708348
vega miftaqul rizka,f,D6,Thamrin,2022,Owner,202206D601191240
meilany putri sakinah,f,F2,Thamrin,2022,Owner,202206F201195965
akbar rizki saputra,m,B18,Thamrin,2022,Owner,202206B1801196806
safira cantika fitriani,f,B10,Thamrin,2022,Owner,202206B1001110151
slamet teguh santoso,m,E5,Thamrin,2022,Owner,202206E501337440
solehan,m,F6,Thamrin,2024,Owner,202406F601263064
komsidah,f,D4,Thamrin,2023,Owner,202306D401115813
yuli adi putra,m,B1,Thamrin,2024,Owner,202406B101897168
ria rasela,f,D17,Thamrin,2024,Owner,202406D1701301372
solehan,m,D21,Thamrin,2024,Owner,202406D2101241196
suryani,f,F17,Thamrin,2022,Rent,202206F1702240926
muhammad ahsanul mubtadi'in,m,F14,Thamrin,2024,Owner,202406F1401144992
muhammad rifki irawan,m,E3,Thamrin,2022,Owner,202206E301202951
intan nurul aini,f,C13,Thamrin,2022,Owner,202206C1301284351
sarno,m,A4,Thamrin,2024,Owner,202406A401298954
rubini,f,F7,Thamrin,2023,Owner,202306F701120139
pursito,m,A1,Thamrin,2024,Rent,202406A102244727
rita fitri mulyasih,f,F16,Thamrin,2023,Owner,202306F1601599036
saikun,m,B7,Thamrin,2022,Owner,202206B701220346
sutiti,f,C6,Thamrin,2023,Owner,202306C601771793
jefri setiadi,m,F15,Thamrin,2022,Owner,202206F1501125594
dwi maryani,f,A10,Thamrin,2023,Owner,202306A1001204032
krisno tri widodo,m,B14,Thamrin,2022,Owner,202206B1401296048
katiman,m,D14,Thamrin,2023,Rent,202306D1402203158
